month,days_in_bill,occupants,temperature_avg,humidity_avg,ac_usage_hours,fan_usage_hours,refrigerator_hours,washing_machine_cycles,water_heater_hours,units_consumed,avg_daily_units,previous_units,electricity_bill
Feb,31,1,40.20439891754665,63.365594784083555,18.0,7.4316952140035415,13.936133619912592,4.597799805016422,5.187026058547983,478.93028725510965,15.449364105003538,472.9796910320425,2370.3278535470226
Oct,29,4,25.36177335630447,64.21240048610797,7.447718459315808,7.722633819986199,17.973552848302884,13.450476127195687,3.4852182346996115,430.8990389059545,14.85858754848119,411.7101468015022,1832.7231820684215
Aug,31,5,30.3168860729728,85.4113217922403,1.7352115129528114,6.553090560656568,18.62285874760013,12.036167874373968,7.217418046801915,375.4891317111436,12.112552635843342,390.235097731118,1381.7841307713254
Jun,31,4,24.707098575104553,46.770924621682255,1.482318899585156,8.141831637425879,17.43392563825803,3.315062458881637,2.664393656172881,275.94288360531436,8.901383342106914,274.2520141775724,913.7580119831521
Jun,30,3,26.500773325132798,61.670799749795314,6.691091930545884,9.38192841106719,19.050641936106103,1.7319446847932518,1.2431898109998067,349.59992135619257,11.653330711873085,366.42090907493434,1402.9589730794332
Nov,31,5,27.164628703849488,65.65322627376578,2.122323564036384,7.480213820931795,18.44744831665241,14.151957160083104,2.8061181810644165,388.3293858250516,12.526754381453276,359.2687426421408,1528.8186874148128
Feb,30,3,25.242803066377768,53.16472260153998,7.696307652821409,7.0029715852687815,16.91669148120221,9.279602796083022,5.4291479776078075,392.05585701590513,13.068528567196838,452.7317865559705,1586.8259050054407
Sep,30,5,25.26650727195714,62.33992094099529,8.254800428253052,7.635317183361481,14.12762127948102,4.859271630180499,1.8880352287822018,407.49571352028016,13.583190450676005,432.46001947793184,1707.8772810915166
Mar,29,3,29.350720296658853,42.80060799098786,2.8064505606793944,7.983640037379703,18.266826163141644,9.167312285164925,1.933116962452999,265.4432146880369,9.153214299587479,273.5467863917154,892.7861230962653
Feb,31,1,24.52476711726117,78.91887460730034,3.488961236873237,4.171296956264271,16.093849269540044,11.45616432445281,3.0295234191574867,164.3859432845343,5.302772364017236,168.36107162431676,508.26898800409907
Jul,30,4,33.78957131611935,53.8206253696348,9.501058856536371,9.015418619514813,16.84331475027691,9.668595493329812,2.77315975527396,446.7670744633544,14.892235815445146,496.11096541522346,1962.104150149004
Dec,31,1,25.870109081621187,86.37680197734204,2.7014753205076625,7.007797295217053,18.958248435926173,3.7920553874956546,1.9783310019161897,182.56053202508096,5.889049420163902,199.50569331711887,581.3128584205737
Sep,29,6,42.64306036543377,61.61030811299054,14.517466379782524,10.775377164584313,20.8346667668687,17.54222761425644,6.409882899715062,676.2169380404436,23.31782544967047,639.2546720618974,3529.776523233159
Oct,31,4,27.968769970660222,74.3366427847902,18.0,9.300317646413445,17.923879753115983,14.01687187595157,2.4627464833219967,611.6493272149853,19.730623458547914,665.9273022877819,3238.8798859266344
Sep,28,3,30.324079388626735,61.36036557210615,7.31071443372666,10.574146089283241,19.108129672891742,8.65849019330613,4.069113455778637,394.23050530354647,14.079660903698088,387.3814564217332,1547.6248892794993
Oct,28,3,24.17096466990284,61.63107401287364,3.954304250634488,5.775791653827202,15.11104131769422,8.819621376390849,1.8816809737873244,285.8406133963457,10.208593335583775,345.6386077498764,1030.225402889353
Jul,30,4,37.67741291157438,54.9916480013359,18.0,7.1829493893876615,18.491047161990068,11.437949578852704,6.363496813410384,604.7159625607586,20.157198752025288,666.8230829436358,3206.2721107019074
Feb,30,2,35.037753063613124,63.42948715239533,13.026929730384065,5.2665913275937,17.880188124645674,5.481514417038674,0.8991560819033951,382.5715640108719,12.752385467029063,336.154457840387,1655.2483332658537
Nov,31,2,31.336121418312505,65.81598433296857,3.1047661173405743,6.448579340355483,20.458455161252363,11.290705746147875,5.645395428513657,287.17173754056097,9.263604436792289,362.6957190301314,1033.9954629443425
Jun,29,3,23.939388530491954,52.588897893017844,2.5534391923502193,10.754631933918901,16.919083047942486,4.677070252556938,2.7469409853644513,313.4198979508426,10.807582687960089,215.2363576178189,1154.6710708235735
Jul,30,2,30.94800094976079,60.49946700968139,1.68659732556464,11.27247927142949,17.51672476567526,9.717863132619335,2.0946276034987372,214.84992512353725,7.161664170784575,224.0575584988795,663.587163337522
May,30,5,24.953560292922354,54.67881360731464,6.759275838061334,5.474106751430188,20.11762893426559,5.325714000572565,2.042912587850465,432.1109592986638,14.403698643288793,375.7152277400716,1843.4750175606832
Mar,31,1,36.58059868563012,89.59596883537807,5.220148761382069,6.991789129701976,17.8159324152107,5.527664070693142,4.406271504305228,268.5362180928001,8.662458648154841,323.5011344872154,963.4649912930477
Dec,30,5,33.64137629333928,60.92323076106058,18.0,7.832369521547312,15.782317237425463,16.58289045447284,1.7272491817463675,631.2677452156937,21.042258173856457,626.7635163331208,3387.082529911498
Oct,29,3,30.429475673194812,80.54278582035872,4.640001762226997,9.28833241198152,23.103266546580244,10.236903577138216,1.255317483798003,343.2813570132033,11.83728817286908,294.1257287546908,1337.3218509701726
Aug,31,4,20.0,59.65253203030774,9.905386785439612,4.128417420219716,15.842814473326534,10.82962594160467,6.229374299422557,502.2092588201117,16.200298671616505,464.72219391988136,2358.5202119684377
May,28,1,25.574628096034363,65.11145169841889,4.036287240411449,4.473399820637435,17.870599836900954,1.9544805556747082,0.1109477974665188,202.95173078952973,7.248276099626062,175.99749028178272,727.7985978877471
Oct,31,3,33.094925092199425,46.14363114025677,8.840563306825626,9.077177516519285,18.693376312051228,7.6119929659158085,1.3879035727301072,388.78985198710944,12.541608128616433,357.7834696965126,1625.2820001991468
Jul,28,5,35.4579766127542,56.63512889758562,8.622827536820878,3.7121151483805663,18.535235018062227,11.84484847481739,8.973097195775283,583.4728415979044,20.83831577135373,535.2055233514228,2794.4052749554194
Jun,29,2,34.99126415171459,64.52641604947097,9.040780093367532,7.017045706494486,17.620512591987204,10.776545063790019,2.555231800166213,332.59422528144904,11.468766389015483,286.81254272207974,1427.5256816007206
Jun,31,1,22.835941489913452,81.0320459715184,12.052996741248286,8.356601978829449,17.630479258947386,1.3838807145851781,0.48810476806297826,379.75867841820883,12.250279948974478,377.9010111842567,1741.0768940854764
Mar,30,4,31.356985380658067,64.66379333211525,17.003948943484524,8.914465133852858,17.53013626742409,10.828551666628325,3.902777240543164,613.6014015409515,20.453380051365052,620.2645858271109,3196.513284637502
Feb,31,1,34.56981847417318,78.60464433431599,18.0,7.68822018980357,15.768132282817255,11.466235214198758,1.9152514842162833,493.90234668843374,15.932333764143024,410.17610441355134,2501.0037708383593
Jul,30,2,22.537489954879895,69.68874932243504,18.0,7.195335218095432,22.300438428845457,15.1350479927948,0.3543219570018908,496.972244605484,16.565741486849465,369.958593408477,2546.5016300286998
Nov,30,3,29.964429680820437,81.52881607357622,2.9623264564394347,9.858055891376255,17.560018164573247,7.379075524246629,3.341902794103161,311.8293116779547,10.394310389265156,311.9616329474671,1146.5280243909497
Jan,29,4,31.232290792388053,61.29149339233933,8.011052119540643,8.627453038004667,19.19386198564619,1.0317251194573167,2.951487258995674,443.5153531336269,15.29363286667679,456.44368004722753,1947.813731721022
Nov,28,4,28.646559368189692,90.68267252782165,3.021251273351531,6.576563431706788,17.330694284636788,6.012916992779378,2.8121830435172335,288.5347167137999,10.304811311207141,304.38340329702777,1070.4282551430256
Oct,28,5,21.665271650694592,56.17524556503052,11.721299390898725,8.082990372700925,17.290472655289033,5.611739844525771,4.117253202384534,527.0038121634641,18.821564720123718,543.6848897116283,2510.0004628414763
Apr,29,6,28.53435850466822,52.80245798962797,2.2668883822916,8.842971849843623,17.0891126746607,12.946835511119897,0.8175645535075187,331.4597640294124,11.429647035496979,385.9693765464504,1232.0039830578828
Aug,28,1,28.52712556385239,47.47936580373159,12.194441756978954,11.78012193119304,14.9003084240215,1.0,3.617320614439133,360.1558159904057,12.862707713943061,392.43255714481205,1564.22589956617
Feb,30,3,29.333674179535105,89.97229605869684,6.222856088474657,9.729912070241475,17.67875771975846,8.206574159709511,3.1297514005743157,328.22780389950333,10.94092679665011,429.4459278293919,1257.24276055142
Oct,31,1,27.464378585587188,71.83337087141477,5.014629230050551,10.672025083098676,17.18598469136114,15.703181894309019,6.133879141984332,282.8116974033594,9.12295798075353,385.49613808931315,1039.9245478290748
Sep,31,1,28.006445310413397,57.9905511994363,5.462993859859388,6.656663728140813,20.343049018369555,10.02884985133454,1.369752095318125,305.83051332433047,9.865500429817113,223.6987086000491,1164.3602191309371
May,29,2,29.821321729438598,76.98827236248194,1.9129986128632497,6.846797606238994,15.60659976483097,13.585267264705696,6.935931465148939,306.9454507778071,10.5843258888899,206.9954107605121,1133.5092005266479
Jan,31,4,31.9910457223637,70.25230622141339,3.462141962500137,7.4821640158114215,16.84570564489029,3.432806665795649,5.144544104507756,308.0947632882113,9.938540751232622,295.47493413582094,1181.2065624519817
Dec,31,6,28.630079567144996,85.59352965650709,6.304640585078111,7.684140177396039,16.203119066491837,3.5920419471747094,2.469999419472406,466.00131643620153,15.03230053020005,477.90775067358055,2065.4103321992634
Jun,31,5,28.156579822343993,43.42600600712106,6.273339032934594,5.782345092833641,20.88506078802362,15.748969831380936,2.8107353004806086,458.4660353251436,14.789226945972374,435.60460301360723,2006.3187051794791
Nov,29,4,30.415593172145062,58.81567870022894,3.4297747504954774,10.785053978425001,16.26118311029066,10.404861463029013,0.1300858954755975,306.1956560853684,10.558470899495463,321.9541557595876,1147.342538298445
Sep,29,5,21.355878333471683,56.449743392686095,4.302056739597835,9.943373603069343,19.124599689452275,10.413097448836577,2.7449659365669556,406.16726635341274,14.005767805290095,375.6513226469062,1615.3761101195892
Oct,31,2,32.14665807251906,38.31580788309678,9.08733398545345,7.327508705136684,19.94032294681196,5.527388687572014,4.879823811869999,375.0822766889006,12.099428280287116,326.24146342866646,1596.7446199770545
Oct,28,6,29.997466062946685,74.72392645735633,2.6887442522487355,9.411763427830477,17.707754177169182,10.403126915800925,2.150755141237527,370.61609071757755,13.236288954199198,329.6349156275156,1414.282521743136
Mar,29,6,30.178620869689027,58.7552413303597,1.019159195125887,8.490378158608443,15.246377998119064,5.416249726639615,6.122655248879462,371.5013241289217,12.810390487204195,346.9741053234746,1315.8105569350068
May,28,1,34.32330438417509,70.87557445983875,17.354987353436442,9.583621558049025,15.27169228247262,14.747481795622601,3.9556584411735165,484.09349120582897,17.289053257351036,517.8138001740634,2357.8820612056506
Jun,31,3,21.212330114782883,90.31726321195535,6.631977984586513,5.042524328243614,19.71952812959216,20.911322839472685,10.0,440.0676772770674,14.19573152506669,394.61911996965074,1847.8871640063987
Jun,30,5,21.117747585634664,57.7610756980687,3.62802305873416,7.679545638965643,15.478811962400286,11.935764214661317,1.466625922076272,347.73724282063364,11.591241427354454,320.764679706026,1362.3438695165046
Jan,28,3,31.23211730395584,56.94616420811414,3.8758940180387116,7.87231523860725,18.784053222119823,7.460214458153825,4.531626502348702,295.836392036576,10.565585429877714,305.93275255178634,1152.3520185107939
Jul,28,6,29.96797415192168,63.423970036687955,2.6657766203259214,9.372012619145632,18.228698219641192,1.0,0.655056096440821,370.6634931852139,13.237981899471924,346.2576997287296,1321.422724027668
Feb,30,6,30.765796244363695,73.84696823580092,12.226002265423142,6.617437277399307,18.754264968622053,3.2621435418306355,2.3287766629315745,580.7422813762513,19.358076045875045,641.8203243876366,2953.8689384560466
Sep,30,3,27.920428161723994,55.1994436962782,1.6167788152950184,2.500152407018728,18.943169615691776,16.219447324108543,4.138643193270621,269.1581079701799,8.97193693233933,226.21775114579958,931.8251957891775
Sep,31,1,32.98959153407969,54.42846083441443,9.227939486862763,5.620260621097574,16.132658431164195,5.883232626915707,4.748656626372064,355.87366524721097,11.479795653135838,289.0664670785525,1536.7009566849515
Dec,29,3,34.19687479346004,74.6862712428964,10.06865267234519,7.865694431436004,16.048943641970517,8.516660473253951,2.004804394289161,380.9132377836471,13.134939233918866,380.7615483895093,1634.1464710347636
Sep,31,2,32.17792032278187,66.54367188605643,10.690588415834362,8.14054529610733,19.429854268200806,12.621303898316713,6.613907676292434,433.39710472600717,13.98055176535507,438.8394889095269,1992.9421793625345
May,29,3,28.826271937179374,37.46326084394215,3.9182382662692037,11.704245869774965,16.741310778871206,15.92915919744717,7.671408169171416,361.6528304794319,12.470787257911445,306.5207608531625,1396.1330953592526
Dec,31,4,20.515397755735187,47.295298406370705,13.524367512387995,9.282042169447818,12.499703015989702,9.201652315344647,1.4832137982938143,510.378283574193,16.463815599167518,579.1096011484225,2450.066594766186
May,28,3,33.46156293616708,80.01483036592653,11.77817440421315,8.179366614309277,19.29751059576773,8.38133252133586,2.3929004955147253,420.61596674822187,15.021998812436495,509.04701851048935,1857.0130762361102
Apr,28,2,35.49777899797917,66.82313939694575,7.659848093613049,7.928739191080837,15.927477423862463,10.286484114042736,2.180553363852915,366.02458699965223,13.072306678559007,321.5082932560342,1506.7969875791368
Nov,28,2,32.90051285392791,52.853648827553016,4.92403418272006,10.429203440773325,18.934271755810506,7.4894487334431314,1.725966373133251,230.26413049753205,8.22371894634043,265.57492478296024,821.2045426333432
May,29,5,26.04160907684622,59.95508411318021,4.812583603845535,6.701757005253636,20.78564369863394,7.704723186828179,7.3306078253525895,488.3646492640712,16.84016031945073,317.59467474513525,2158.3698402482087
Jan,31,1,33.03207477150491,62.15884007362004,5.830731611872211,7.691375666970682,18.033524914523895,11.647520470135495,7.27013707277339,302.0109651453582,9.742289198237362,332.180228095459,1177.1710916630452
Jun,28,2,33.872383685826506,70.82880032336196,5.207479615865598,5.603632135695737,19.991531663327063,10.741166071337945,2.246279793802689,290.13610422943015,10.362003722479647,246.17782672038183,1078.3049368781558
Oct,29,6,37.01467311509589,45.700839261694526,10.55852378130991,11.121593307129668,18.307595361072405,18.526421226234334,4.5147212038897795,623.8912915305308,21.513492811397615,678.1008618731342,3084.4636449528302
Mar,28,1,26.057505340974192,51.908610335954506,4.324611650842294,8.86349766140355,21.174858656282296,11.755395266541719,6.070660237476988,292.0910712456332,10.431823973058329,243.90601117070585,1074.2793867834428
Jun,31,3,28.980954369551377,65.27546905836067,15.69894808268448,6.443448748791319,15.875785782485789,14.604582192375311,3.378496682446038,501.4855258755756,16.176952447599213,476.96118888918136,2502.8527332062126
Feb,30,2,33.362724230145545,60.801985034054596,6.057279200481947,7.748198977299722,17.98357003916702,5.714859293107476,2.098147563711512,298.5132238651819,9.950440795506063,255.13476651504254,1096.2393049080606
Sep,31,1,30.25834532147171,68.86231019164052,3.051960448802213,9.121231679053817,19.346323210082936,12.100629160121084,1.3817713103747775,245.27732444359833,7.912171756245107,228.646420376579,833.0589455515377
Jun,30,3,24.972025790769266,47.24591123168483,5.375776345257282,7.448418392010994,17.61917648597991,7.108074613595764,4.847385807574541,319.4336819388211,10.647789397960704,382.64645279111284,1170.8369480692722
Apr,30,4,31.865773282620165,66.28554411525586,7.785373998218959,6.824164632232278,20.30443799330534,11.581813053186231,0.7222138880892698,450.2482170077261,15.008273900257537,425.920444267107,1948.8151232166983
Mar,31,2,32.60397735216825,75.09900343252967,8.669310803341443,6.560597890834471,17.13592092097844,12.754058392459363,2.1491211973803135,348.09230920405037,11.228784167872593,429.66398633651056,1494.992007212783
Jul,28,1,30.39583303348951,67.8418225657914,7.075175321588164,8.745716178330452,22.13874230325778,10.199475376005894,1.8311109514259887,265.7072598231579,9.489544993684211,241.7522536364984,991.7388696631922
Sep,31,1,30.988132172309747,63.669340877139106,6.206547118267012,7.212280585736493,22.24439500854449,19.629302885899172,0.6702801943298504,239.54679242581534,7.727315884703721,276.4200892094083,937.9343142360141
Dec,30,4,28.835823442414213,60.84939676920835,5.215733209212807,7.001732983521959,18.5641439924546,15.71191907643381,2.559514641771564,368.31110859639523,12.277036953213175,275.7397802541192,1552.1384653871414
Jun,30,6,36.65225521072227,51.981786166741976,12.944538721175553,5.060664138878107,19.105202360709235,14.708981331316387,2.3485901611311646,539.4742038501316,17.982473461671056,497.8018839051459,2707.2302481580496
Feb,29,2,25.946885173292955,61.13601689072254,2.2981149150570306,8.170809268359774,20.383342871249276,13.057144769480054,1.11050907486644,214.87202162586323,7.409380056064249,191.30178603394143,708.5748497130722
Oct,31,2,27.357056567562996,77.11647023456487,2.888933490148176,7.601308434657802,15.625605202065266,17.053443270920177,7.1319726904112155,285.49868222614936,9.209634910520947,331.1504148854193,1063.7399451258702
Aug,29,3,30.049434810873866,60.5716579207985,1.2680683368410521,7.292373632987678,15.375999970844418,4.2521228101231365,4.872981166150217,230.97764239570412,7.964746289507039,227.30101932106217,703.0916902944798
Sep,28,3,33.95529312465402,51.32235212781908,5.101070056896944,8.437295490475181,20.51283782771527,15.481132471962304,2.848578452889161,359.2047760020338,12.828742000072635,247.33015682246256,1346.287518574091
Feb,31,2,23.261820734574584,56.093034934815364,10.920439870202387,9.645604978018975,18.547976945745997,6.035022752001908,5.443629854594582,406.43086879400647,13.110673186903435,320.9516066479746,1779.3458160010387
Apr,28,1,24.103664626055526,64.41020356731116,8.043024890276323,9.543444038269032,17.546989508040422,7.742643523733081,6.420960583950665,312.75025972272726,11.169652132954544,259.06789973819303,1276.3437726408113
Oct,28,4,20.83022171519377,57.51783203382983,17.090015007838506,9.216002701979479,18.022246605762323,12.245569776246672,7.365087388457038,626.872322563657,22.38829723441632,677.9163657050879,3317.416118275345
Oct,30,3,30.147128513639718,67.82363939675768,14.571227567318395,7.470525387001413,13.227917055271861,14.932880662042894,1.458280924880504,487.48918775665754,16.249639591888585,519.0058380113229,2347.9846695335377
Jun,28,3,24.967623822570552,68.27412512898836,8.091600156710305,6.7526036609292674,17.618875371086,5.385693473272152,5.442058683790596,393.089729897216,14.038918924900571,362.0152295460121,1624.546394309691
Oct,31,2,28.269524504919374,72.66779816485578,5.984409849223418,5.7033855890906375,16.493906521613553,7.949820489289076,2.357219393083941,262.1748407058909,8.457252925996482,232.9931362679052,1013.1733162530738
Nov,29,6,32.97620185451269,79.0827136671804,7.5375441581157965,6.69505568385622,19.836143267230163,10.390128290005242,3.2853004724120076,502.1298209292539,17.314821411353584,528.8082149742855,2280.69010262741
May,28,4,27.11305775647719,73.95030469246834,0.5666627614910879,8.043230209300454,19.990061556768012,9.254535981217144,1.5308857513324845,273.00986678863626,9.750352385308437,222.00124874715087,917.1301377305962
Nov,31,3,31.04076910234514,50.789131230224484,5.733771207207297,6.2701705323645385,19.15336046825982,13.41612824494075,2.7379705357697834,309.36724488321556,9.979588544619856,315.3989678888993,1179.592418281337
Apr,30,2,28.65297941511725,51.157586641084734,3.3372665984236143,8.211325706058375,18.790917297598284,23.74371046393808,5.500903117325944,296.82170315566316,9.894056771855439,299.32312044676723,1101.867868572115
Mar,29,5,33.024514417933965,61.090742282482104,4.544734936903725,5.8759953085938985,15.005306502559463,11.677282834103519,2.5170448329111226,400.11684198618735,13.797132482282322,369.8293386001208,1580.0007043559742
Sep,30,6,32.13807630306604,56.58589571312703,8.694914418750912,4.345817844184551,19.18128615999375,7.059214247350735,1.1482772910022796,498.40130044272433,16.613376681424146,504.2316663667214,2280.205727030724
Aug,30,1,26.886298367214255,48.340079276468686,4.550397224751717,9.80269346590255,19.258795891046766,4.813966677444018,9.651299484940212,291.2618487840486,9.70872829280162,283.47707953618936,1119.9763858425204
Feb,28,6,29.241067109697962,56.69969846992407,5.709243670953136,6.956287890195142,20.49038530753746,8.698984345657578,1.4032363948796813,463.2258760034467,16.54378128583738,474.65112651928155,2029.1841826461946
Oct,31,5,34.69684528974223,56.305844796571535,5.403488028133486,6.158525962907439,22.236419624860396,6.23900045588484,0.4274054705067628,361.21656974589064,11.652147411157763,284.12092521335205,1453.6797460362293
Mar,29,1,31.770195916143436,53.93782712286553,10.873833643820733,5.593536289145636,14.614878652856783,11.870199167901692,1.6506075830271127,297.8871101395847,10.271969315158094,309.7684142241183,1232.4695800500842
Oct,30,5,23.71367074011991,58.210526166139935,3.6888249648545606,8.93067914440688,17.223046348763575,11.808086543136906,6.1931660945998335,414.54182213943255,13.818060737981085,453.28414340039797,1650.6328804751042
Jan,31,1,32.95028127527122,76.14141020381997,8.991148596862367,11.024796965229529,16.51546672568471,8.147327181900174,1.3126263199101158,335.1766046192805,10.812148536105823,335.75434339553755,1372.2092068729926
Oct,30,1,25.11925219903693,64.39085649499087,3.947183855943694,7.113237505786483,18.34501437677015,17.939820055135133,0.85979069648023,216.04992440538692,7.20166414684623,224.29397051971583,753.8919952908991
Oct,30,1,36.35630881482453,91.66170891266563,4.889849612397408,7.5257605757423205,18.026803716436078,7.058210723040423,3.0400178409212377,224.8689946522933,7.495633155076444,212.66096683435762,780.2648727184543
Oct,29,3,34.60844477928461,64.04609823223579,10.633945864899921,10.35759004775596,17.53183585383971,9.522275728407303,8.729358898975422,526.5846027501993,18.158089750006873,566.5382793323037,2555.8912581993513
Aug,28,4,31.304484641632804,58.51921071275298,5.69941341400002,4.017019450411713,20.055208722802348,12.556650663559271,4.0136683308269365,378.31611087142784,13.511289673979565,366.3923915979437,1526.4575108322917
Jun,29,3,30.70754779546287,62.049594591858394,1.6390982904528895,12.327111014407867,15.797171577638434,13.568219575079315,0.7085475334414796,311.4560469283599,10.739863687184824,252.51848203913147,1154.902872979558
Sep,31,1,29.05935484787661,65.07790374132247,1.88162954829441,13.377020665118014,15.917757065214788,15.110306086172796,10.0,262.2523808596754,8.459754221279852,279.7257587521898,943.0076855457122
Apr,30,2,33.05335778130013,67.22304748605276,11.96770701446695,2.0460574352758174,15.951549457803916,11.713985915972955,3.649801571586069,369.7499696151698,12.324998987172327,276.41065253340645,1611.3513444450275
Oct,29,6,28.33149823742072,86.92053591030829,1.205502492603979,7.7854928963831345,17.279344825148026,14.203650803151987,5.740359961193541,410.4253348926292,14.152597754918249,409.0961177594775,1545.7509266285165
Jul,31,6,31.060064417879524,51.85615442026918,4.352040948843068,6.41831652988696,15.542819568176307,7.339567311888244,0.5394729239969962,393.0561696856321,12.67923128018168,357.70117187133565,1605.268657849451
Jun,31,5,33.92370464933753,72.30855269813283,18.0,7.417502104009586,17.90285702240146,13.672327841401529,10.0,696.4754110626225,22.466948743955562,628.042281074784,3775.4159019384874
Jul,31,1,27.471870554134846,64.49300717136948,7.545194071052236,7.079552846844969,17.669019610738268,13.618916600625598,1.9705066770917405,343.6586596469561,11.08576321441794,337.59601828669724,1358.2451795186519
Jul,29,5,27.227132670041875,43.14682708915259,8.908229459107696,9.785870016654588,16.42696977200184,16.051546699014143,0.48406500151482323,474.2587781264109,16.353750969876238,411.558227408166,2176.762561325991
Jan,30,5,24.625355336739936,71.24838538513715,4.246338290441617,7.75234620467042,19.747532508112393,3.32625603108583,3.34350656526226,400.21475870855187,13.340491956951729,410.8551811861309,1575.2972472237059
Feb,30,4,25.209872642432224,77.21148272964686,1.0373424287428263,5.996004128760095,17.880998943426526,6.371267537595731,5.7383014237797765,297.72648811755124,9.924216270585042,288.01571064861787,1093.5780752274934
Mar,29,1,21.77222109851324,51.71388315467084,6.122856969852133,7.621192645150726,20.125294728063608,13.292563877469208,4.496725596969799,269.77772917943213,9.302680316532143,237.33743915399126,1043.274006111195
Feb,29,6,33.28422955056988,61.89279358529635,4.3089869869686925,9.132525321317301,17.609900297591135,1.0,4.435865252878367,463.9767537462969,15.99919840504472,526.1326312656068,1969.3219946422087
Jun,28,3,38.140115439372465,41.29574885590756,7.5274035787562195,5.39581307891638,17.95161022353729,11.968024695153401,4.192864399199861,335.15896822996643,11.96996315107023,330.6751241900922,1403.0791183654055
Sep,29,1,36.41398024561637,46.89432248378796,10.10037897249611,4.378285884266043,16.87443519063658,14.239217699725469,3.103159872036431,298.7811282991122,10.302797527555594,311.33116706783863,1201.1072458846998
Aug,30,2,22.682619801180678,74.57635493140702,2.145187133129736,12.384034161837704,17.985906918929032,7.694499009798241,0.5368588435145923,208.7732587323003,6.9591086244100095,238.8692882772082,654.6868815434526
Jun,31,3,33.2618460220029,56.403001927910786,7.418826658601452,6.58666130464144,19.424462612264094,8.279239999552352,2.3266331028887453,390.09293466221806,12.583643053619937,445.4951853060089,1576.2390389787654
Nov,31,1,36.399478574656,48.69436430074353,7.452408897115861,7.69782342877705,17.177331535459405,5.703450611040385,2.054098143814189,255.0357617191132,8.226960055455264,264.05691448187235,935.6996575796977
Jul,28,2,27.944355086676012,64.75352437350115,5.000409082468571,7.1248501071837405,19.036823925069328,7.913811521074386,7.386463569411064,331.96884702002365,11.856030250715131,305.6285909152734,1309.5529537861814
Jan,30,3,30.456513437925224,55.73105082282772,3.739325220501039,9.205792948980713,16.374506077908517,8.029725992152969,6.199944377336534,330.8204125157209,11.027347083857363,256.1008204352067,1232.1521799969512
Oct,28,6,20.964481271378983,56.350140106693566,5.107418887471455,11.900137830800297,19.518101131044418,7.268634902137914,1.8177744653752852,482.3379035299972,17.2263536974999,476.0047060781085,2131.8228567759734
Jul,30,1,31.20031275589489,70.87191230809884,14.517957720498481,9.275854451804426,16.840188345376145,7.049287288862013,5.078538208466945,388.6872027644362,12.956240092147874,428.44833372149367,1779.1595766763385
Aug,29,4,25.213981217543772,48.05919969278784,9.049383450906971,4.659596675412019,19.7033597464581,8.915980860446426,2.6243914109778843,444.9661713871295,15.343661082314812,447.66307865629415,1981.4825621319267
Jul,29,6,30.898357580601814,51.135617447818014,5.309755477497966,4.954928460581234,18.12195308486733,8.867582737375514,0.42979773156782786,413.971443145831,14.274877349856242,212.03785950445922,1662.2674370672657
Jul,30,5,22.97458685015004,63.84895990578642,12.242353437826814,7.122277494280784,21.041907466782128,17.496527599444228,0.1329200259527811,549.7580640838019,18.325268802793396,589.949820683547,2677.543601196319
Feb,29,6,32.442862010149184,73.63291748897846,8.7079518663159,7.409886961026814,15.691864547491582,8.42325942753196,4.629740290850651,503.3337407973059,17.35633588956227,544.151535201378,2323.168680954246
Jul,31,2,34.61030703942011,76.8579236178782,14.905816710398684,4.211707206997478,15.047646453376263,11.376600864767434,0.9829408818074994,425.9522324361486,13.740394594714472,392.2343285746878,2032.3342051814095
Oct,30,5,26.475690622281746,54.01925935566052,1.352159264231772,9.80255002438377,16.767565508048865,7.692468134094794,0.9782863275438589,318.3482859894131,10.611609532980436,346.5179764329325,1137.6043933629433
Apr,31,6,24.883848383653046,73.24852360303578,2.168186922673699,5.610094772660747,15.230778103931375,7.641616896634171,1.4417506462189464,341.4307352270922,11.01389468474491,355.6463759253656,1237.9128067416543
Aug,30,2,20.297896308525083,52.590292478355096,6.069847403487373,11.285263436676662,15.234530211143445,3.1825178490695105,4.70853927884369,278.38570358817753,9.279523452939252,242.44168765574244,1034.3916573086174
Jan,29,3,28.801139096661704,83.9145121628816,4.590978649069899,12.005391713852585,19.24310152091975,3.714535008755627,6.262149468834538,337.9373675241824,11.653012673247668,380.27049265408573,1306.9602009763998
May,31,4,27.382827295732778,48.39474769496326,5.116734391532377,7.45384222820921,17.991642413174684,5.172006881388001,6.164478490690207,392.64870607683525,12.666087292801137,312.2452452345795,1542.0834429863476
Jun,29,3,23.020412644433755,77.94174572950077,7.829895501913341,8.965739808920006,17.040638046591482,10.734787339040283,0.3640836293562389,331.95726245060564,11.44680215346916,316.20860999514525,1346.0741824929194
Dec,30,2,32.03858440340477,54.122166718175315,7.542027479742951,5.289716111414757,17.226074805389135,14.304694621138342,1.3817867842635974,301.39227166538524,10.046409055512841,283.18507391736705,1204.7913201794768
Mar,28,6,27.97513328160908,86.1589574575352,9.658824497154399,9.372087918254051,16.80552467134732,2.8533418924179283,1.1692033549146044,457.269269139645,16.331045326415893,389.91032329978464,2028.598980202063
Apr,28,6,25.159188186096454,69.09584874622982,9.47704582164387,6.903976668444386,21.300738335638087,7.803692794604732,4.705948964551134,537.7401201299056,19.20500429035377,537.4675949396661,2557.3317078498108
May,30,3,27.504424174617988,49.807801647101336,2.263442462696804,5.608082292505623,16.528988584713925,4.532437162598606,1.4036242640342391,264.4084840741322,8.813616135804407,298.87358977198704,942.7716768166903
Dec,28,5,34.82087042518327,55.73313824548992,3.8374716694171442,7.363463025843434,15.355732203833401,8.942891623465801,2.4644017416675195,390.2470740228714,13.937395500816836,437.9377809638211,1578.7337248985846
Nov,31,3,32.7132162468985,71.3741744626849,4.0305254605154115,6.975354381508201,19.592101234972656,14.303077974828602,5.034337917496023,332.57559500772044,10.728245000249046,350.56006859187795,1296.1442754187874
Jan,31,5,29.414882723256795,74.63173301138673,2.00503705843509,7.28464931339174,17.568488753304358,8.212470393568099,2.8881286753238125,352.8366440856303,11.38182722856872,260.93330954780384,1364.513400998415
Mar,30,4,32.785972583091834,61.15141289930645,7.363758366213659,10.08929578619599,22.07754737763577,9.809932111201213,3.6378912990402124,408.30091360641575,13.610030453547191,321.05770621440536,1667.3749435104862
Oct,30,3,24.775896196259673,62.5358993715616,5.36120332656801,6.272323296201388,16.94758872241173,15.820913585569256,2.387438894798226,368.1768076959437,12.272560256531456,361.4030854746616,1399.2955348012981
Jan,30,1,30.145665453271636,71.10023639172879,4.479003324254017,11.817050599502528,19.691968359513584,11.831603722031637,5.79255634967116,328.3736612133232,10.945788707110774,313.77726961307945,1258.1188667826461
Nov,28,4,30.662950487189118,63.58158112412984,7.657319727782413,5.084868807784222,20.16439466119861,6.959632576732792,6.22499519703424,440.31303222194407,15.725465436498002,394.1900758455987,1922.5270184457922
Apr,29,2,27.88573571175573,46.47794168793949,18.0,11.55394660099291,16.957328335595992,10.635661143342901,4.191396230361913,602.4017947373444,20.772475680598085,727.5158377290439,3184.2719669808494
Dec,29,2,31.95956251180838,52.24431170431783,5.673450708286087,5.763676631805273,16.51415846418193,6.689803954390837,6.2435143981738666,293.9136913841878,10.13495487531682,286.2019310193936,1173.1817904679356
Apr,31,2,26.48804945409997,64.82143931781998,6.258481520035284,7.997770888419446,19.482733061861808,11.681928050943998,10.0,349.3619356395925,11.269739859341694,360.022245687149,1310.1173903029955
Jun,28,6,32.29419318499253,76.58578899797232,6.72179219307125,6.921568550348356,19.14978383582786,12.061360616291037,4.968502372753628,485.7114117824905,17.346836135088946,528.6610284200688,2201.404230675433
Aug,29,1,32.483364471890816,81.39178908994458,4.907313730688331,7.24379692261672,15.178779798578146,4.53136119800619,2.6997921190432153,212.08771223736494,7.313369387495343,205.1194852895591,763.8976814437862
Feb,29,5,20.0,71.3543530492574,7.881613565167317,9.762985919982208,15.743128727390559,10.700597669543095,3.7053051425917958,526.7600503989091,18.164139668927902,683.1224933432622,2394.401285145633
Jul,28,6,35.35637566579553,65.44748913243636,7.884665385730965,11.299618953903384,12.927139990103989,9.52970696801632,6.7118999706282105,530.920607848638,18.9614502803085,444.7795890609782,2493.7398437223014
Jul,28,1,20.0,70.98576663178973,2.620059178913115,10.619154350902413,19.190773707957604,12.178709588688447,1.9489379240567348,179.31973686916456,6.404276316755877,158.01846965131824,584.4783869346759
Oct,29,4,27.227779384997437,53.99898979751773,2.795628419261157,7.109316068847935,17.47634561372851,13.325388204076534,1.808097503285588,294.20715329145935,10.145074251429632,246.37867797843762,1078.6551507924264
Dec,28,4,34.6140661541599,60.16122847690143,13.129741609854332,8.405361489290017,17.675699158049436,11.90979841649842,3.6554533684190322,551.3955553963164,19.6926984070113,641.3533015665648,2749.8670313185676
Aug,28,3,28.572209736364016,52.11043134392628,7.743591938245437,6.279428677929603,14.617111804596293,8.78722658648099,2.6579573632676374,380.78628972746736,13.599510347409549,405.2598676696177,1570.7836350099037
May,29,5,23.40216307888706,47.01508867150746,3.4710981953743025,5.818589312335671,15.803795293821347,13.733320083456,1.1572271288765557,345.69841882153327,11.92063513177701,307.41586281135295,1256.5106266892067
May,28,3,25.078183222274983,66.00258813963445,7.108704128390276,5.478138007396929,17.04408217486487,6.507748894758993,3.21810938422489,301.4796916338317,10.767131844065418,255.56315016143287,1186.7544931387383
Jun,30,3,34.62107585844279,64.22615967901692,8.396776118179476,7.037338724634916,16.65534879970436,4.7179120265220025,7.7288552618560376,389.1306395491119,12.97102131830373,443.6228463737949,1563.9711662681095
Oct,28,3,21.35322961253113,70.25182981410815,6.338210260424201,8.549132388232872,18.235672151035264,1.0,4.083332654075573,387.87094863264906,13.852533879737466,390.5935711307868,1578.2039591230455
Apr,29,5,35.08045995432908,68.55334197070937,6.655615900694187,3.7940066485466897,19.16693625326363,9.71943619305138,0.9283994571100443,423.5161554969924,14.604005361965255,484.2290327197077,1818.4910269825987
Mar,29,4,29.752040554309698,64.91173125588634,2.064395757870714,7.898021854322315,22.539225138570394,6.71381424202626,4.598857634006699,333.64161584645245,11.504883305050084,317.6870687563008,1178.8026887761248
May,31,3,24.63422101300905,68.67939998813065,4.116736513067692,11.335255274008954,17.95996593993815,11.591017904301403,2.2147761451002106,359.7593779446427,11.605141224020732,369.29285464826216,1368.132690641319
Jan,30,6,27.37598217463789,61.48780284527028,2.403876673057734,10.468204351963076,20.23080532619389,2.1150904238225294,10.0,519.9013234064847,17.33004411354949,519.3968086572211,2249.1884513749633
Feb,31,5,25.422490465042614,66.9546967426688,2.2463484524421684,6.712595031641335,16.34005444604045,7.411285796402,4.323858956109037,358.93258007654543,11.578470325049853,315.45347097823657,1325.7154352402893
Feb,29,6,33.89801340386338,53.28626716776368,4.1629317939630255,4.9268795995778705,14.650107370049287,11.881079623457941,1.6391326730317153,408.3516018694164,14.081089719635049,384.3655430351685,1630.629919934226
Oct,29,5,33.29592514393277,66.43647110766956,2.774791059689078,9.011626674222619,17.29539670657975,5.880655414604078,4.864907027323706,366.2549954769532,12.629482602653558,295.21638357666205,1367.0522633646094
Sep,29,3,22.26377489755779,70.02101222343211,3.522260187013902,2.9016578495434997,14.804556564251516,11.637026994451448,3.40735111962306,275.6198476424986,9.504132677327538,282.2991879085255,1023.0385204866074
Sep,31,5,28.183835466662998,53.963822863133565,11.192759248816674,10.44233905494189,18.029346334338207,7.771909619727838,7.204834483364575,527.7350340663551,17.023710776334035,558.8515250049238,2586.599435941349
Jun,31,2,26.115664519450753,62.62198518791416,9.349580488906339,7.530107592656871,16.43909175098267,9.86876676088001,1.7993072643104862,306.2581484883375,9.879295112527016,333.4296642092059,1324.0296051049704
Sep,31,2,35.82079485806717,54.51676988444768,18.0,12.028860705270283,14.091457226490828,12.380632025667422,4.316200545718719,494.6501679495335,15.956457030630114,517.7260118674345,2470.559719744124
Feb,31,3,23.924553968431105,55.68191964180662,2.1587700032492108,4.200675931731775,21.472050291720354,13.811188092461252,0.5376088788858832,277.748640965397,8.959633579528935,262.0093704744597,1029.9165157945265
Nov,30,6,37.21903097108256,48.50084773877414,13.299677360090396,10.019921695457233,16.92487657378924,10.36996964528243,3.105805775643959,565.9926582607112,18.866421942023706,657.5454707537456,2883.2585336553184
Jul,30,4,29.85017367217378,77.18929910199867,4.663891433277942,7.778880559008764,14.724761394111605,6.7439588204850205,0.9010366433962378,374.63476004274173,12.487825334758059,403.1070405450378,1521.4164837804626
Dec,31,3,24.771295171289605,74.78822209664057,2.7997401209819195,7.271688830761423,19.79634358101458,8.1678445504814,3.3176866348903626,267.422615091773,8.626535970702356,304.99843929957194,946.2437688649513
Feb,29,3,26.95226617195825,68.44920625072804,10.329009614010694,4.986344376533282,16.542771274921428,12.547821452347833,3.925458654264504,465.2411615580697,16.042798674416197,534.4072956741508,2091.3378542950272
Jun,29,2,26.392715216541973,85.66635142332576,4.700745628761371,9.310645394765777,20.180332067381325,5.914985666069573,4.189247038345369,280.3191076475067,9.666176125776094,264.52930551306633,1013.8161216109656
Sep,31,4,24.264217190930225,59.729051641179296,0.8923753793607709,9.487502246509088,16.5332113306439,9.287733613439178,1.79680593530608,241.12299681354838,7.778161187533819,243.6365423573126,749.9210293257768
Jun,29,3,30.426720868786692,95.0,9.57878235565266,11.927281164324958,16.918204619474405,8.4564636065541,3.183030374890642,447.18274582601214,15.420094683655591,474.3238201180637,1986.8882135882884
Jun,28,4,24.474380021886706,59.269647015641354,6.759604950296908,10.217710578293303,18.689663418954094,9.586552866724142,6.571987260255307,475.7276561316196,16.99027343327213,385.6303410972901,2125.174199493019
Feb,30,3,20.18835206067815,65.0623202210722,5.648897704514603,6.6934302762973825,19.18643876140822,5.962869883002491,9.407094855704377,368.28616637274445,12.276205545758149,299.59839791399327,1508.4450840467107
May,29,2,28.29145588118322,57.226665032717506,1.7783410231572838,5.791502316041467,19.536967474681198,2.592222591151553,3.2720875423109326,201.55414973656374,6.950143094364267,159.44736872042532,616.1168130028128
Mar,31,6,21.88714711611953,66.46790672072366,6.151535617306584,4.98931884625075,17.820517722541343,12.082970463838574,6.702890868665901,479.46999020289746,15.466773877512821,453.55319330491824,2118.8649322396473
Apr,31,3,26.61527609369616,72.02737913463494,13.70204813434431,11.241093560406835,19.057233443109165,13.856525693954595,1.2621736106707566,479.02492898001924,15.452417063871588,439.1071983406521,2301.0212819368094
Sep,29,1,25.9090370012849,60.633003283362996,6.623958249445649,6.288016574588695,19.49125721384684,2.831300170007374,2.0614198711389498,247.48408034490558,8.533933804996744,191.39498586527017,925.8458169628929
Aug,30,3,26.079527675883835,83.32063816541145,1.2284353756141044,11.256505711736876,18.4011382771337,11.475704643704866,3.5666276302802076,266.2215986341171,8.874053287803902,260.7418448878754,932.2709325328166
Aug,31,4,39.004333957155694,64.86979141560153,13.297434910919431,9.155158489896547,17.714683773471407,14.332731659380705,2.6726793974331997,477.3020974896281,15.396841854504133,452.27692935393594,2296.479288607272
May,30,1,30.253852052263067,65.24582463332239,6.852290657514462,8.725786339506714,15.10941010353774,12.383644187049292,2.4425853561585873,253.93184128187997,8.464394709395998,282.8016626498617,992.258206962624
Dec,28,2,31.104169540478996,51.09202766583539,9.497962434889777,7.3248897123673435,19.19834831355998,8.333319285295733,6.202959952747688,409.9522329220982,14.64115117578922,500.8334284862708,1754.994116322607
Feb,30,1,22.006207666459673,67.02198889460462,6.539356323250033,9.453480408604952,18.0843473982823,6.226014520996969,1.0651287837605032,240.87317525138172,8.029105841712724,245.53131181054601,943.7360482951061
May,30,4,27.05716589863385,60.39167335028761,2.253376563638836,7.965964321759035,17.172768295298585,10.323912317399957,1.1790042458437153,288.99127664208777,9.633042554736258,251.26000689313295,1052.7228631885025
Feb,30,5,30.968861834736803,54.70112324795256,6.09959229302577,7.187730758768617,20.55553272718332,10.991140235387522,0.7510744515336719,386.49230231840147,12.883076743946715,403.52662938928484,1524.474119792504
May,28,6,25.38961989189147,52.68230710221963,4.174129663850407,9.53121053062604,15.144332734173368,10.383230044623595,3.652710990054451,425.9822707604588,15.213652527159242,409.4581543821399,1755.5603094671428
Dec,29,3,34.08628279583093,94.06116055708023,8.778438511701898,7.683261359713513,21.288072630729772,9.279461479529738,2.212152211412854,423.68607799306534,14.609864758381564,393.5127303631123,1828.8198789466155
May,31,6,24.587865363445363,58.838272997851575,10.590030397094267,6.243663486774581,17.95545344273107,5.669393103508971,5.769191884917057,536.6648395089167,17.311769016416665,455.08741236413334,2575.4096759298036
Nov,28,2,28.71135238860671,44.51617495062479,2.964820300139033,9.319618906013433,18.635036357005795,11.690753165235407,3.4087723564630608,275.74735151373955,9.84811969691927,248.0764894296305,993.6558340993217
Jun,29,5,27.362767620109985,53.62134248320913,16.59335774816304,7.859231557617156,17.20991177093946,11.883417977654096,1.758323925915231,606.827729823183,20.925094131833895,568.5291135822011,3167.037309328812
Sep,29,4,30.739442967218622,61.38118592628544,7.479268605070937,9.07560202586717,14.66585417495334,10.803288501846687,1.5179859738911923,399.93139493905613,13.790737756519176,425.73998007343863,1678.0789116696276
Jun,28,5,27.117794676650583,68.56000439139783,9.316916034333266,7.00150831162079,17.72078020306844,10.44397458028503,2.5375589700352212,460.0164108784979,16.429157531374923,472.1761743809806,2017.18686070662
Apr,28,5,28.78097867818078,68.65755826070377,8.461553276330543,5.339933129701897,18.669489813785585,16.71699795098442,0.9151341950194191,446.11424210139484,15.932651503621244,534.1436896794604,1993.432971006488
Oct,29,4,28.937414586999065,70.1193746213183,6.760179946767668,11.817162717531406,19.352450892805187,7.5024848617064155,6.310303089560229,440.3041281223975,15.182900969737846,461.2907618939136,1878.5630044069583
Dec,31,2,26.695255091739146,54.261676320352045,7.683432281556428,11.402545103679863,17.603933603122197,15.125740389826623,2.118439285876508,327.11133503052275,10.551978549371702,332.06979992793674,1318.394744291004
Apr,28,4,32.182922408237005,66.08528532201855,1.5750410885816342,9.944326914776315,13.614920317591164,7.0639021231126495,0.6093164874113028,280.5075522706102,10.018126866807506,258.1202592473318,956.5326924026198
Oct,29,5,31.072747686768412,51.48728643067306,9.201268262535176,7.146816492176599,14.91667731083475,14.435802291825713,7.236977745506019,536.6868298072558,18.50644240714675,442.8363031749053,2506.548579934537
Apr,28,6,29.601237246360746,54.56428420383186,2.416517167228416,7.33930045904564,22.104039247526586,14.933470200322175,2.569807922606547,468.61928005944503,16.736402859265894,415.1563117809307,1892.4994279889343
Sep,30,6,28.06293749942119,50.98749230599689,4.920658450996081,11.041120380972222,15.814928032455768,8.82779518639247,4.57731329532567,473.9429843485801,15.798099478286003,411.86639380368894,2074.645600032533
Oct,29,2,33.58444813733999,47.73933374482077,9.234974381577029,7.221573917351691,20.854098916478417,16.643852216243335,1.7814926763130288,313.57025281779585,10.812767338544685,196.63429692066384,1369.4272445938352
Jun,31,4,28.938745902836185,74.7705138662961,10.916624825689599,6.608376720035945,16.131826525164808,11.876143546984357,7.416381156332891,541.204377041718,17.45820571102316,448.5923303382201,2570.7033338306715
Sep,30,1,28.61986220478328,70.26334041174665,2.4171727023815697,12.118916286400196,17.635088180544265,6.490910235437729,1.3286669240596178,177.00957548663666,5.9003191828878885,206.79803352816293,537.3273305825006
Apr,31,5,30.471105134496568,73.71998443973756,3.9248829841043182,7.895109100449481,19.25041651919981,8.503373622443164,2.211242107385698,430.55068172130177,13.88873166842909,433.9597939388242,1783.111804470075
Jan,30,6,37.63464007336883,62.47175679229156,9.347823423796122,11.89053572273046,16.35961110683825,14.531049224426607,0.39656961838055443,555.5463471106043,18.518211570353476,506.1315544093741,2669.692457164414
Feb,29,1,23.968397063904582,71.32169238638176,5.971653297444481,4.9235377964819955,21.18443027151811,13.6922588075066,7.28728929273741,291.5165074745797,10.052293361192405,294.95709516201214,1156.3348279432387
Jun,31,4,33.46435601874909,40.86452714428946,6.629389602230905,9.140006742125903,18.15145671613682,5.767838394482837,1.5816512341266666,395.2981375469228,12.751552824094285,279.10317982849415,1607.1134304070467
Nov,29,6,21.480729774428525,72.35705021654427,7.708103235931765,12.556381718276555,18.92170169259934,9.442970751238011,3.7212017387422387,505.61889283275366,17.435134235612196,503.93654867833277,2290.9050574456414
Feb,31,6,30.97772921202881,64.12543796006037,1.6177621597005023,8.065451638249495,17.464785983961747,10.814091931106047,4.142608370160656,401.2043655952458,12.942076309524058,451.7858024599957,1506.8035309370614
Jun,31,3,37.08787272423929,69.52531520179,9.585556102959668,7.4191901170108485,19.31744057403418,7.969581643697564,6.452463016666278,455.20195883654213,14.683934156017488,429.82669235609467,1969.1210022446562
Sep,30,1,32.19900836010288,66.56027958858336,16.14729369564014,5.4309457812834765,21.157585479699726,19.431198893498877,3.503530152789223,489.09575951212537,16.303191983737513,356.86449591719065,2375.816381524057
Mar,30,6,30.767812853429067,50.15533814555736,4.750673300223511,10.381154719757545,17.73742812475357,10.934654973621303,2.700854613297253,473.2015106204498,15.773383687348327,428.8094029683937,2075.3754542118527
Sep,29,6,27.477977390386158,44.02352269530744,6.980657497075078,6.305718218190488,21.459425581498472,9.752751236387804,5.978041974412803,518.6979535323665,17.886136328702293,584.2116106389037,2418.46485573231
Apr,31,4,30.139712402198494,53.45535000580444,9.885038241190392,7.791421169342025,16.776808383241764,14.76340417703236,4.089630418319919,532.4145978198245,17.17466444580079,529.0187805260202,2595.5767265746476
Oct,30,6,28.865717330684898,68.77900737527494,6.817577870061119,5.284094984456255,19.52819207870342,8.53914586064466,2.362473852860622,459.4947616864651,15.316492056215504,356.3931835483984,2020.869294631878
Jul,31,1,26.4631052643089,70.28109698210474,17.57550033161819,11.425168120214352,18.9782286724861,14.029710442469291,7.522007323937404,490.88450391807896,15.834983997357385,622.3393455224893,2396.482372308009
Jul,29,4,28.695559730363087,45.58469267141764,5.517765178694592,10.540747683596502,15.86283585463526,3.3290704176680608,4.337217390663542,344.66470625476745,11.88498987085405,274.6994572909006,1328.758278207689
Mar,31,1,30.89271522281898,50.226807590381426,8.608242841200623,7.930513551731112,18.427619409274662,8.185383815017735,0.8327790372013527,317.50682510745787,10.242155648627673,294.77962445884555,1363.052469864867
Jun,29,6,26.547523191612118,53.32117176870993,6.15575999734696,5.4608723417087575,18.014731875700747,14.196281673508988,8.502373649341482,523.8764812383339,18.06470624959772,432.2713453868146,2447.0423620938773
Nov,28,5,26.371731806918923,57.71233927679821,12.686554389289228,11.37899550833379,16.29361564744631,16.280790882358684,1.739834682785237,555.7624046945505,19.84865731051966,458.6816822667867,2780.1746389010004
Jan,28,6,23.878904530835214,45.65539002976817,3.7399623841170455,7.194950200496276,18.716004868388254,6.906817147976028,6.429329288562806,441.4986500062487,15.767808928794596,397.88757007053295,1803.9478161766453
Oct,30,4,31.75826261740003,44.93537880631841,18.0,5.568549350201459,18.292579092217036,6.440713455125406,0.6224960113262581,551.791488585047,18.393049619501564,575.3527207181058,2809.556222755686
Jun,29,1,32.45395467885177,52.13797644310935,4.745696167998524,4.123340372560403,17.854826105385566,12.269785721481837,5.950915679360576,237.41957892096647,8.186882031757465,267.75446196420734,858.6983884904811
Sep,28,1,31.04247199906433,63.035046034700066,16.270775195009904,6.578876709833695,17.86284506188263,7.507864420329149,0.8901194352028964,424.5303944053182,15.161799800189936,386.23696219974175,1986.5250947597854
Aug,29,3,34.343267217279,47.832867922958116,5.211082479998113,4.799796130434133,17.81997948215276,8.925688328978424,3.4296356415917173,317.7669294652248,10.957480326387062,263.32752426739955,1280.0440411807983
Jun,30,5,30.395404366863275,60.61035788033881,8.442514964435015,6.629794159649785,17.264600757507345,13.505620098948631,4.245234562089509,494.02144959788194,16.46738165326273,505.00014319057306,2269.9281871173744
Apr,29,1,31.764049218145907,74.70263379370178,6.396864459276518,9.637699214134974,18.279668190029962,7.823591273543952,2.4063545970783093,269.24796418554143,9.284412558122119,276.2579063540408,1039.3746187742802
Aug,31,6,31.367268415369033,46.37864315103788,10.605186922283362,7.174119639254487,16.71217157527244,2.1382969938572574,2.973484388188786,520.7768767994174,16.799254090303787,516.2195185746226,2493.475289693978
Feb,31,2,29.588069912618064,59.522650899073525,7.104933652186439,8.782525440650163,23.31361898294,4.795662257576475,1.1059398129159865,268.0869445874143,8.647965954432719,266.973358516543,1075.460839246415
Aug,30,3,27.61130177341659,74.29708080500927,9.290488329866845,6.40866374902909,15.181333509069368,10.039822342881124,5.503106047364768,377.275198993679,12.575839966455966,356.66328233616974,1611.6807504910835
Feb,31,2,39.9636867710636,56.98077931563429,9.076685612766802,8.14337194600131,16.830527845531083,2.546307406108462,3.576466937350099,421.4858250557414,13.59631693728198,410.0043872621252,1802.1036908571575
Aug,29,3,27.966220590659212,55.115963709698974,1.1284631178521998,12.225981808589246,16.98851579084612,8.811358330810718,1.3210237906798274,282.9923321416399,9.758356280746204,264.9898749076794,940.1598152669083
Aug,28,3,27.003550299958036,75.96194977167768,1.7973461638207326,7.233330628340828,22.080986828649074,4.431613935024032,3.684991356773319,302.54557931415064,10.805199261219666,332.5374322340762,1125.4561070941534
Feb,28,1,31.95304420552548,58.32557505234143,3.121585532252269,8.84574476276325,15.359730700045002,16.55975602746239,3.7753660337196164,206.14128628087664,7.3621887957455945,257.61471085668705,624.570143115868
Oct,31,4,31.133344868827525,75.25394030246682,2.872050154097964,4.555840099569435,18.85184459597222,18.66057037906269,3.0912809389402187,335.80769168020913,10.832506183232553,330.21814233612344,1312.4599252035189
May,31,5,23.678438035753526,67.14758469352638,3.202743280673071,11.344233469317116,18.49678813009308,5.767211590631726,0.13820133220143438,330.0545800958249,10.646921938574998,316.5704008212104,1171.0949771794005
Oct,30,6,35.05205214553682,57.88586416508196,6.715440884821062,6.950145416321297,18.667204609349096,11.027034720151672,2.116061676582124,439.2700082773882,14.642333609246272,436.3101970954828,1855.1126937341653
Jan,28,2,29.57612441092125,67.75628636717036,5.255296488480653,10.311174029794302,20.47268632522188,6.1583850720125906,5.441394021507318,301.25392686778173,10.75906881670649,263.4375713977123,1183.2633477993045
Mar,29,6,25.00081007152926,65.84539416615246,2.5730895623842125,7.729003349330409,20.431658719494177,8.762737591781955,4.427718331636952,455.57067467721197,15.709333609559033,482.65307033302423,1876.8028944314888
Jun,28,6,35.349528514592436,74.25059385202968,6.500532749660934,9.345474603045774,17.098086346959764,17.21387731182322,4.327140731102604,526.5172066423607,18.804185951512885,535.6538245476337,2363.5936473076135
Mar,28,6,32.81554007218269,55.41985354561978,6.386545383971717,9.476227339864202,18.388034898987982,8.133245809094058,3.5549581565813164,458.1007927106914,16.360742596810407,414.7364553722375,1991.018596072732
Apr,28,3,24.309561036234385,62.49447280137944,10.57006398118255,7.004631253072023,14.271795935695712,8.855850151051545,5.911606555726324,433.0048318671125,15.464458280968303,466.46254646303856,1914.0450259043148
Aug,30,6,37.99732278115976,61.26181184474435,9.28631663492596,10.402194158676075,18.19818601704386,6.229882931089213,1.7301625653434742,534.0001481665931,17.80000493888644,513.9584123242406,2526.510842592291
Feb,28,4,32.96458815764787,70.44977769967741,7.069699492876431,6.33023329921518,16.412021144336162,14.584757510659454,1.4061209930227843,373.108821627825,13.325315058136608,311.132699154567,1484.9338918417388
Sep,31,1,29.95411747968729,49.697849666669896,5.629899298445606,9.711455284060595,17.627235148078967,1.0,10.0,311.51667964117894,10.04892514971545,313.2949968756128,1215.1988498354792
Feb,29,2,37.155984625298004,74.20372457885426,7.31379735509948,7.141548352833632,14.62925627036661,8.228810713873516,1.5660184297906388,306.8497397505238,10.581025508638751,304.0294915993209,1205.5201945197853
Mar,29,5,30.71684002723338,67.59594526604499,4.4865878465731015,8.769027486990533,18.809744573438152,9.816455623458165,0.8000625975927596,390.1286627404193,13.452712508290322,423.23278034259266,1612.7648841354658
Aug,30,1,29.873626162031854,46.196899116404644,2.947517134489545,6.983615394820626,14.606862608848784,7.355690680596343,2.3690551925432928,188.50431066573472,6.283477022191158,201.34166223841228,611.1283895112265
Oct,31,3,27.028649477901048,76.49915390576601,9.89277956038195,8.10994714435451,18.296569213583172,13.45418203092467,3.1842774839903645,404.71088509811034,13.055189841874528,382.7757886513639,1728.9380158318986
Mar,29,5,32.61832697688185,88.80911696957278,11.172198398098896,5.635673856278112,15.5469888139549,14.808109135881896,5.939251117487527,531.3733132940166,18.323217699793677,477.5073088188216,2534.8896114961262
Apr,28,1,32.14471335295791,74.0220076345929,4.199298046676008,8.544625366315348,16.30071792972823,4.35184194848194,2.120102388743538,176.51576990525786,6.304134639473495,169.49515302896424,667.2822309464416
Dec,28,3,30.0660606295037,79.12381720671763,4.96789483506261,8.09721323691109,20.309464205090325,18.37394661508322,2.1044980978968315,295.41734520060226,10.55061947145008,297.5532582061157,1059.7039959137137
Dec,31,2,26.445061407595787,63.02445657923106,7.987786728331763,6.81166218104056,19.175835891827244,4.306964702585938,2.9493147313865093,320.9437846730119,10.353025312032642,328.2895681968583,1329.03933603709
Jul,28,4,30.584684343747334,42.06194096313788,6.963503198732703,7.878938473941348,20.298406275341087,15.154522726703366,1.8109654842126177,423.3709716645669,15.120391845163104,423.0253261239038,1761.84444412271
Jun,30,2,29.68590546407038,39.8705545859897,7.072501732042632,8.294809847569402,21.11945426500258,10.599310794142777,0.6315471583694693,269.3155404087838,8.977184680292794,255.36525055132782,1010.6025711092894
May,29,6,23.999365565696095,65.06098452641311,2.317313831195635,6.644014482816753,16.45432258572047,7.985195611544741,0.8721382711286825,376.4714034965864,12.981772534365048,410.19805068918856,1388.332898828476
Aug,31,1,23.376844419041163,54.89625430724024,15.166655292208587,7.7167311333947275,20.997943324881742,8.362532281296655,7.124169425444455,486.05590800506565,15.679222838873086,424.0063771624674,2396.3786614653905
Aug,28,6,32.54319020464396,51.025084660071784,4.930978939973121,5.787785730031174,15.068988687642197,9.865948837358745,5.039628074326617,410.49559991487234,14.66055713981687,526.3877228963064,1613.3224450311304
Apr,31,5,20.0,61.247039792375894,3.0760291833872007,13.160612685714216,19.492200669089808,10.833671447455128,2.8670434853876867,385.2412806521826,12.427138085554278,408.0472367882589,1487.2843089118292
Jan,30,6,30.92434737132567,69.38702345433546,2.2417409786966482,10.330061052458007,17.01332457080006,6.319382594513899,4.416884366930711,454.0671572664053,15.135571908880175,369.35043903176853,1921.9452372710953
Feb,29,6,27.84862624010779,44.56690943885423,4.567615772159549,8.600807032389412,16.139399714721367,9.064240169286439,5.151840022408571,473.93086239821855,16.342443530973053,466.38579445406805,2044.704142725485
Dec,28,2,35.887109730959594,56.61346855663538,15.46030128734469,10.57864844044873,19.228939734608886,6.917308708289621,1.6447029301776561,414.61600421290905,14.807714436175322,439.6790679041879,1854.5186386294909
Jun,31,6,27.77939305880756,80.11844819744378,6.50620998010829,3.645644551295688,19.889903050338425,5.139801891704509,1.0940774420586146,456.47942378245773,14.725142702659927,417.4878717944055,1954.536508171528
Jun,29,4,32.96767896413353,49.09653943734351,6.926179818416613,2.3731045767651864,19.83053677329309,6.730753190168411,6.607217922742981,398.94573912240554,13.756749624910537,305.4453344273652,1613.04888046099
Jun,29,6,28.213887714429937,72.43713424597948,8.872925938677211,7.121559664150206,18.429719777789582,5.400101469218242,0.20526322602727715,498.9922736014043,17.206630124186354,411.62954843471107,2284.1749763013454
Oct,29,6,30.511866690687647,56.18323086141207,11.507204424440655,4.96715888407536,18.263914602658478,8.319380348997925,4.470455808458304,552.9863840452348,19.06849600155982,569.8370309077359,2703.101846711059
Jan,28,4,33.31576438914023,68.54952511819943,11.64603211331183,7.479467846213676,19.053733171399806,11.729899621873662,3.3921995923149186,491.88445205327616,17.56730185904558,360.01016088866214,2317.678670246557
Jan,29,3,27.91849927653939,75.16793008643441,0.8029958270498336,8.452444609308778,18.607528151034384,10.48284141671185,6.138950191406814,269.84636226696784,9.305046974723028,208.20946092636586,972.2204392140444
Apr,28,1,34.48449698024282,70.89538120382026,12.065126549450099,10.024911896349344,19.08271167917196,17.897379106642603,4.595448735101685,405.6611497489299,14.487898205318926,417.7451938456037,1772.7938898478646
Jun,28,1,25.528359553020827,72.90991522656651,7.274496084628822,5.49581923459453,18.407998922221427,1.158187945120332,4.395542878497972,258.10254780996627,9.217948136070223,240.31117831300128,963.8541424969801
Sep,29,3,31.325667791512707,48.18087759910453,3.574510970663998,8.879187509552157,19.68556764901273,11.877363864856754,1.2107466770041277,284.24816098655543,9.801660723674326,247.16757604165576,1079.846259028814
Jun,28,5,34.151878752545336,75.36391648089558,10.202481320230211,8.031657324934912,14.745584386899145,10.025680954097409,5.298447725124276,488.871382273598,17.459692224057072,437.8746764494763,2299.63115008416
Jun,29,4,32.97016871305651,51.76768262438216,13.433920541352762,8.764520481852786,17.737453049827227,13.262681369487868,4.061031729134863,548.328670931339,18.90788520452893,421.551904280116,2721.2730917170293
Dec,31,3,38.624001945309345,65.11450118685846,9.304452285758192,6.85650170834208,15.232307012308828,12.865860817241636,1.37438478947414,385.79878787516583,12.445122189521479,394.66403737285214,1626.4992673839708
Feb,28,2,26.564523072102027,65.09895424396672,9.786491941576264,11.042897307696665,18.55340403520977,9.340032999459291,3.416584743730334,340.95695742560855,12.177034193771734,291.5691163770865,1447.6267258274593
Jul,28,4,23.793828368931354,67.82147070643497,6.610827819913007,7.772280973454603,21.283860351707396,10.690605139427023,0.9665744467546031,406.61121460577556,14.521829093063413,362.0271959763696,1649.3454017036538
Jul,28,4,25.525492011771963,66.04348011272229,0.13154085524768871,11.903200891708291,17.051830436106062,7.023723148326061,2.5438348971758056,273.85485058917794,9.780530378184926,275.2465994952726,841.6965937486109
Jun,30,6,32.971991549467965,51.87428025770332,7.206416445283141,6.261144961899108,18.25450406059443,12.454719917417817,10.0,563.4704947792325,18.782349825974414,522.1334092191361,2689.539711699996
Oct,29,5,32.2406532042122,45.80159105245141,7.989131765054223,9.634220147902218,19.512973429843278,2.484495791509196,1.1446404145948847,456.7655174457642,15.750535084336697,396.6529233805839,2041.1994185516826
Apr,29,4,30.46015496841337,72.46818415954122,4.434344745154717,7.868729342766837,13.86455413646695,13.10730575459727,0.6237914683538103,337.19062281483207,11.627262855683865,236.4964003092642,1343.3254977642755
Dec,28,6,24.946693279017914,64.23001493022699,6.791065721882496,7.2789666833331195,16.955779035711625,9.90730622305556,0.8838449724795024,485.78932100312505,17.349618607254467,489.5616499468062,2134.016048986516
Apr,29,3,33.450902819980776,75.79252209149381,7.129869130272068,9.391093749028602,18.7290313185457,8.051751848675645,2.513217014262638,352.2619236441817,12.146962884282129,341.7888546125472,1429.8038331482978
Jul,29,6,24.488828500572566,61.46320478974558,18.0,7.341818345782903,12.20601054868545,9.069867202213095,4.850803456837095,713.1320063227502,24.590758838715523,636.6412038231239,3866.00462435818
Jul,29,3,35.21527312069605,45.13802767187647,7.535226934876537,2.143676258253877,16.046383013850058,9.363215061646477,3.0218954845548125,350.3037370319342,12.07943920799773,289.04896570363593,1425.645134789599
Nov,30,1,42.85847290412939,73.59355617204928,11.714327365028517,2.0,20.20171594676258,15.189215041922004,0.7332594689637426,346.62534184180276,11.554178061393426,333.3354219765141,1516.781575623052
Jun,31,3,31.64903015957198,57.55555268406672,10.602230171764257,10.799328752624909,20.00599380090145,22.93397465299405,4.803643834838322,488.6584389951544,15.763175451456595,499.6343568977191,2289.7832344674202
Apr,29,1,32.623986610459845,66.10404148905225,6.128249377879764,10.706568607335331,18.7486364547402,14.879483296601528,0.8291164037463563,288.0179596374066,9.931653780600227,280.1575620115203,1122.7458166231722
Jan,31,1,27.782131039969983,54.23048685824577,4.912047202017106,12.152150081763082,19.764395279886354,7.738696856440975,1.742852517802694,255.79557929997293,8.251470299999127,300.03504556490225,978.8011115127422
May,30,6,21.854040055109326,81.73162052280429,4.593764692035071,7.96143785377921,18.430208468842928,12.519127297141116,6.440477232046177,471.29805940322444,15.709935313440814,495.6267882283964,2069.138190209607
Oct,29,5,27.287762866363998,51.481222109801635,9.089369522958632,5.156203435604639,19.11078981488463,12.693316664229936,3.1214109417570204,465.3292446630265,16.045836022862982,440.2262201956975,2062.9759795854297
Jan,28,2,25.081971415055627,57.95084295072591,2.063860523162743,7.076915546167797,17.368692582318772,6.299357110211119,3.222195028653458,219.43456061511412,7.836948593396933,231.71768186972747,710.9063406139124
Nov,29,6,23.48847940613243,63.2893844323678,9.772971653696409,8.025133933794889,18.231625365844184,4.9568028111172735,0.7476425910710075,485.8482772433484,16.753388870460288,469.4878690896099,2219.785804802784
Jul,30,1,37.75061973898042,48.8938120749565,13.130276308671982,5.784515906572759,16.735259227168356,9.746876284332846,1.9063273073410225,339.4718850822013,11.315729502740044,327.8874267229954,1495.3991121186334
Feb,28,2,31.227881331115977,65.96623434305114,17.4873205945221,11.626864390542508,20.526966688364627,13.230830410805739,5.7735364099205855,503.0558443559597,17.96628015556999,567.7122505860647,2451.4067012241303
Apr,31,5,31.708594112762928,81.34292572960987,7.2548543638056815,12.926906335216222,21.043118819004405,3.552766929594286,3.8616385132240825,427.7341318519525,13.797875221030726,360.687865686173,1822.493204844535
Jul,29,2,28.609399356616876,56.114454071675475,2.206746469841,9.05221754160639,20.759825601394148,7.116408529382376,4.936642208869458,304.2088567541164,10.489960577728153,292.9623326641499,1112.5337893200497
Apr,31,5,29.222080129004535,66.74171382838071,6.108295323506734,7.976099757263969,17.183782476644275,12.290606835961626,2.851628995474779,412.47205606693586,13.305550195707609,459.76705084337505,1691.6311859282023
Feb,30,6,34.340478070077,29.006775367537337,9.714897048773206,5.151072647356249,16.092451921269824,10.166894453082321,5.8196039051480355,598.5892252250833,19.952974174169444,598.6902506626506,2950.956121714684
Aug,29,1,29.85448296587153,61.53284959418191,12.025644378952336,11.402154571543313,20.553947321500328,15.665094482395983,0.7421663164150734,379.4736554401256,13.085298463452606,346.08874411935295,1670.1190625594675
Sep,28,1,32.388122721111294,58.243492568885536,3.873352930672038,8.167874983867902,19.087814405182826,4.354530183694626,2.4620814858095246,205.61462516190898,7.343379470068178,151.78455807434636,745.9127919417992
Feb,30,6,29.11798065969743,52.17802877107538,1.2296542407624933,7.363838323496653,18.657168683047285,19.408659733797823,4.320404710675906,374.16413537737367,12.472137845912455,248.76485788004416,1367.8837802592113
Apr,29,4,28.460311991705787,74.97740563554238,6.202995132154687,9.058582995083983,16.732735830109707,3.848030225721682,0.491844888729513,352.2567587072511,12.146784783008659,433.24183969019214,1359.35536896328
Mar,28,4,23.668886254791623,58.085075820514064,17.105444674598193,6.7114346362237915,18.85132762527353,1.883345124686958,0.08055015831284165,585.2350802837565,20.901252867277016,585.297429334573,3013.9775613538895
Aug,31,3,21.100129219347924,59.87027015487695,8.516742414756438,8.323125380868001,15.82944388067613,9.764348882010772,10.0,492.44637395761,15.885366901858387,435.35730806832663,2326.552012036851
Sep,29,3,28.82297144520119,57.47368550253115,8.866025742490327,4.826572928139548,19.268124712158063,5.462164287015963,3.1566120536582005,386.8584141442108,13.339945315317614,388.95882151071254,1574.1058840567518
Sep,28,5,30.254235113969546,38.99820953881908,1.7308518842640555,10.391591816355355,20.75777339921242,9.844977343820483,0.4306928349418746,307.1568345849141,10.969886949461218,257.02956469141594,1119.087472072296
Dec,29,4,24.212414834810442,48.41616271907647,5.464802562147781,7.770295709501519,21.262091087815904,9.705092484181334,3.0916301910799437,356.6578501738935,12.298546557720465,327.0352165427078,1443.171501733678
Oct,29,1,29.844863107344153,73.53312183344259,12.179865422273007,10.549361893394826,19.417048108219632,9.216903151570275,0.8428368998702835,335.42375808425567,11.566336485663989,280.97701860325844,1381.9979532695022
Apr,31,4,30.241886533457258,36.68059223744034,6.903828555536368,7.557500408748437,15.235956900757756,6.630355871212883,1.2103691892813282,401.4055346724794,12.94856563459611,311.60085423500135,1661.427604940219
Feb,30,5,20.297963972732795,52.80421580461153,1.1408483546961181,7.700360640675248,18.394660261892042,11.730624610318763,6.5990434282028625,418.32424231366133,13.944141410455378,287.11766238970426,1630.9424593863316
Aug,28,1,25.881939032342245,57.203359324522836,5.382691397668257,5.332901657757693,22.279363488115425,8.730651540931321,1.7829642722973065,237.88801347837162,8.496000481370414,178.96423231591086,863.3016946990929
Nov,28,3,31.832687521809607,82.92346240749879,9.38505201058646,9.671465340639916,16.26277681911543,14.414659483019054,1.7696845043660265,392.53710707572264,14.019182395561524,428.9517575579135,1621.6884576029336
Dec,30,5,31.741764282280847,71.22324518595643,6.16488530389902,6.073152101149199,17.881636854179565,9.278510989886772,0.8129240954416725,438.4989886347266,14.616632954490886,364.70195264331846,1836.8276933540146
Mar,28,4,24.808462876201077,55.313953675362804,2.459586965491891,6.929870778961697,20.827048703601953,6.141410308533642,2.1464762770448007,282.7712379271278,10.098972783111707,291.12316200959697,993.6160099300052
Mar,29,1,30.713016227248808,77.6541643653866,10.147506129708399,8.002303809381582,19.23426784414717,3.249157792626458,3.325128216809,327.5259068360171,11.293996787448865,355.1573550671535,1372.238030246998
Jan,28,1,34.600832514122125,53.11381015398656,6.980229592088081,8.266693204116585,22.96031264897021,9.311562274206514,1.7810878595257995,284.51067824535863,10.16109565161995,273.74347378839514,1096.8720374283178
Feb,28,4,33.49682831545904,74.10919764480806,9.65392475462816,4.24658673152093,16.53426123354282,4.92318171454951,10.0,474.8706401517344,16.959665719704798,437.44431012404567,2142.8763136157118
Jul,31,3,29.571213958437294,45.69347304892381,5.274335839414301,7.4922270959263635,16.020488428518355,4.600152583980888,1.0493011090713475,278.3311334613696,8.97842366004418,272.0110627549996,1102.9215412167464
Jul,28,6,27.894106590040685,74.87909398146988,3.6435555207675017,9.74950648101617,20.448250871670346,12.109829236587949,1.0428295818136326,402.1115695245088,14.361127483018171,364.2484837112731,1519.4135244075678
May,28,4,27.16794982049473,57.12639625434817,18.0,7.167656324047414,15.608242743456929,2.889319755346433,2.0700596503810313,606.0389979221922,21.644249925792575,676.6475131648905,3107.0286420953043
Apr,31,6,32.10518902309346,49.65794910870476,4.786433530281755,7.505590140730693,17.60646402236493,15.64877351333165,10.0,571.9124762624176,18.44878955685218,688.5536847297178,2710.9896307574195
Oct,28,2,30.877967879142997,59.39427664308423,6.230290279565923,8.357293311853999,17.868706910280846,10.638865537582161,4.998023867131364,328.95452868318586,11.748376024399494,377.7962292899264,1286.527352178206
Jun,31,3,32.832318027459905,65.32813015664257,7.244257064198506,7.722887048396602,20.071978946771843,9.824629475900155,1.726818176272183,347.95629633757903,11.224396656050937,236.71354779804733,1403.5567118039578
Oct,28,1,30.593432159045182,56.06301883369145,6.504036083210691,5.73286589474727,19.228535936050495,5.860936237797656,1.7281223726127577,227.56320113346618,8.127257183338077,205.53201601859269,848.351525931862
Dec,28,4,33.68443777656349,68.64744207194389,18.0,7.92003852793281,18.914129828353726,13.057489185371752,1.0078746033847081,587.2142596442804,20.97193784443859,564.0431889865266,3056.974520286236
Apr,28,2,30.42566639830965,55.00407339603119,8.407524949901756,10.186960974012973,17.195138244196666,9.988380265610418,2.016323274643102,324.6733819472739,11.595477926688355,331.23098389562216,1304.7963803161347
Mar,30,3,33.53109922259259,69.4444687271763,6.086353183356871,5.6874129160124,20.430008038163887,7.255613429036792,2.4036933169279715,328.1478934074541,10.938263113581803,241.33607618728624,1313.9122757950934
Dec,30,3,33.918702466649876,67.30666474443919,16.74366888252676,7.1761398431312005,24.0,10.799298786606355,4.825834928488846,574.9423670907532,19.164745569691775,421.63532115947606,2937.3057757690763
Aug,29,2,26.379630163988338,61.26892334350478,9.118092640059848,4.96041108734283,19.38256419784583,3.2688581782424793,4.081747430566852,338.3406246355432,11.666918090880799,382.28520747034685,1396.0579876674126
Apr,28,1,21.863351789081644,56.703412251608604,3.673490951837198,10.07104029107876,18.199344415093673,3.4586914738034453,1.9569500076405575,195.79009000039252,6.992503214299733,173.72738357787313,576.5106118874234
Aug,28,4,36.94571785206549,63.81848954918319,17.451543529022747,7.796811944956667,15.404274058015679,5.519255658795687,8.2052302542373,623.6773680747085,22.274191716953876,478.1342561965805,3308.1102936410052
Jul,30,6,31.15496428820518,68.60304491640439,2.3438588166475363,6.129560806067101,16.725037101365693,11.398109070438856,1.5125498783226172,373.731224562451,12.457707485415034,305.16152160879165,1401.2442425403628
Nov,28,2,22.28481347026745,86.7415898327793,1.9840953834793318,8.20298432031499,17.57257953210539,9.986966712775473,0.6088455289599786,192.49662737497408,6.874879549106217,194.56821902867125,629.261756031906
Apr,30,3,26.7878122625158,73.27304506157817,1.0576045996502186,5.3520795272300035,16.930799519465737,14.19591706222301,3.4527470527316737,274.08975672706373,9.136325224235458,233.81742007168663,953.798448007275
Dec,30,2,33.47343431566423,73.7118793977901,3.020501942980035,5.726309830787105,17.967844330946303,6.320040591325693,6.247854965980749,221.0698751276772,7.36899583758924,219.17117969345557,769.6536782575736
Dec,31,5,28.74145425990198,95.0,11.98836936155578,4.787706234326082,21.556032153614574,12.298671361925367,2.758018070785823,572.3406171525669,18.462600553308608,476.62548750006727,2849.7853047276526
Mar,29,3,27.69572361306393,68.19150172121412,6.145888361100976,5.653085677373721,20.49433383473847,9.544517790418876,0.7766388153876326,322.9086719581209,11.134781791659343,236.77407000063735,1283.199812058727
Feb,28,6,36.30396837140835,67.81572213574043,5.584383155257228,10.986142684799574,17.682334567063492,6.2278192210362855,3.2299063013768285,479.60157099445223,17.128627535516152,549.2250534713307,2059.9351255013926
Jul,29,2,25.287207841272853,70.44818089185985,5.156809819353125,6.387139671178289,15.58344011066828,11.541230682851676,3.566754679548702,301.7195825865696,10.404123537467916,305.2692194802649,1112.2300975477235
Jan,31,1,26.408309890103247,49.89240826894096,9.997183671695984,9.025695269833253,20.674735285804825,9.73595256701907,3.870036634114137,328.89946443264853,10.609660142988663,301.47332351837287,1397.8380855333567
Apr,30,4,30.951239137717202,56.673180362974925,3.4956410949928562,6.160136876096972,17.901891453077273,7.4835232234184055,3.2831444743053666,308.6485558850427,10.28828519616809,275.3833331258411,1124.2433444190149
Jun,30,4,31.75704719424247,55.925968799691994,5.342840650798464,9.670974240679083,14.54699914879529,10.167996348576366,6.8599128799664255,383.3728428447562,12.779094761491873,441.0463215979376,1571.7936586282676
Dec,29,6,32.23354365453329,69.77136772663474,18.0,5.742619597951105,19.42486023698607,9.481878456250431,0.9821273046772612,652.7895327901342,22.509983889314974,676.8767523452918,3490.3041116035943
Dec,28,6,34.10057120056026,59.90990525334561,7.291798722997779,8.086301441075864,20.05137336846693,9.38524772592999,0.026357923624329677,482.25117050581446,17.223256089493372,534.8578741770784,2123.4418169275627
Feb,31,6,30.893603793066827,63.658681105691635,1.9059054429611688,8.116272881711687,13.148183190130663,8.349627400356802,0.3351787910311922,340.73854959913103,10.991566116101001,301.2537500910563,1243.4195433699094
Nov,31,4,32.20222772522284,75.04945544178157,4.974285550342817,13.121171740138502,16.35089071573419,4.780205844425449,0.7639271533223423,361.0443696157015,11.646592568248435,348.98066780884017,1423.2231820233292
Feb,31,3,28.833558333082124,72.35780886444967,1.0838418466138728,9.386935633556362,17.77909197738457,10.29906166357949,5.470139051059229,223.26981512799335,7.202252100903012,226.01287661337287,712.1190590452627
Sep,31,3,30.282142364565214,60.05934796350503,8.784076620778476,6.695611168475598,19.469021822617236,6.7891425051143415,2.145939374835153,367.17892653284997,11.844481501059677,326.23517741156013,1549.615277357874
Nov,29,1,30.483903810241355,53.96005883746133,2.8239162555211603,9.507107720031131,16.968506830751657,5.918684529423729,8.671033217875818,281.83122794298754,9.718318204930604,267.05786771876575,1013.7934814128467
Nov,29,3,30.967941611185662,75.62329677983826,3.091266158980553,12.703983835067458,16.335716196052125,9.037200623589571,0.9060791671285061,273.47964532687945,9.430332597478602,241.79173817495607,932.0896245834342
Mar,28,3,33.47642913412243,71.2866941709184,18.0,4.414800600934551,19.454338499360563,12.936106176688714,8.547183060395811,590.1813096193683,21.07790391497744,597.1913036082702,2993.0605907393838
Nov,31,1,32.49815556875174,42.72491818045541,3.5266457679631342,6.146539506348801,17.063355253371682,10.742454030763925,1.2240088850030841,173.20137840109217,5.587141238744909,136.52057548833818,574.9688404377065
Feb,30,2,30.198976513050823,58.24215273310063,1.6105022503392363,7.478825369950754,19.084109301097396,7.875431166569644,2.3999266768399687,136.068214009673,4.535607133655767,140.74298751746937,441.88417281705415
Jul,29,4,26.35893306776532,63.98618554420115,2.0848618069310074,7.082405900287708,15.776968690050818,7.714615768528571,0.4349275057924364,251.2692017867007,8.664455234024162,251.36787927948174,846.7830575904242
Jun,31,3,30.304520661282194,71.34595660545237,10.42924150145859,7.267935263674276,15.295333961527202,12.543253048755073,7.7487055408675705,492.6167659495813,15.89086341772843,459.8921806371761,2352.410558687718
Apr,30,6,29.87391996796915,72.92121793927726,7.798814134762118,5.130689015694865,19.510538315140796,1.0,2.6902808309162762,460.9295372398413,15.36431790799471,469.4278006407302,2036.3865893698296
Jan,31,3,30.869317109159393,65.40687201410569,4.003581394526369,11.088703317810026,18.505039820634426,13.189459956797922,10.0,380.4680735683792,12.273163663496105,347.1990852491712,1527.6548852696255
Oct,31,6,39.92936388213181,69.02297037630628,10.086516587383892,4.870261083351437,19.844911466472414,2.503936900278644,6.460884761337088,498.6785341138715,16.08640432625392,435.28801670185123,2379.1369966587617
May,28,4,27.64302249656444,62.76964162853784,7.372343424075374,7.559531818830502,16.934813998157118,4.338368366708078,2.3488281784342218,347.77680510276525,12.420600182241616,358.448127743873,1438.6312434835895
Aug,29,1,31.90030058606412,53.913779741833274,7.653007451451406,10.300827301873536,16.40978939504051,7.942936674947098,1.4294357026632143,301.8190673283577,10.407554045805437,312.77866717599227,1169.4489525944848
May,30,2,34.80807930259934,58.86482730750495,8.020047313659894,7.933593314279125,20.72143777508182,18.68049657172338,5.652892344077661,399.19067642529683,13.306355880843228,356.89836789940694,1656.5119419424586
May,31,5,30.441008613447224,62.2278942396813,8.302721492831315,5.845332832813908,14.95408247201106,16.709677440057067,2.9335489823205876,433.87008374275035,13.995809152991947,383.0652861921279,1929.0860926634248
Nov,28,4,40.52030303627474,61.58384899977692,9.317198238392002,5.032913555977293,20.50292141836125,12.825951023188543,1.3552619710103861,412.6891735582231,14.738899055650824,386.36515376239186,1765.1790993233178
Feb,29,2,28.298823187208356,39.373125146678355,2.5239667052745247,7.49400176873888,20.641009414964767,11.426169513181799,3.113430902601601,244.1675304058613,8.419570013995218,216.87918777732924,857.7374333271812
Sep,30,4,31.45840150044021,57.23019998084683,9.317711416302936,6.334534955128974,19.72017902853215,2.5508921279501013,0.2624742899161337,371.47592384145673,12.382530794715224,430.2677408283293,1516.257842453048
Sep,31,6,26.405374147981583,62.67446783706982,6.710451047866595,8.451508401746551,16.624384965979104,10.627032651522795,3.9285671583656994,439.7021472673546,14.183940234430793,440.2042180182514,1950.7003613427078
May,28,3,28.41813869185518,58.62356009713159,5.4405046472918155,4.916807475006805,16.36695232654928,7.803113925760115,4.53502978818421,326.829053991596,11.672466213985572,314.3762232993102,1238.4853281124858
Apr,30,1,31.12020259678496,59.03811445386097,18.0,9.78867862115277,17.5798884540036,6.733322665509113,0.8712426674624338,465.67343429833727,15.522447809944575,390.58161549843624,2242.9377561182678
Jan,29,2,33.808368280384784,67.85589644965505,11.944248858359314,8.254208950961822,15.409920646337202,10.619212359898636,6.994879004373802,458.438752880832,15.808232857959725,484.1427848295032,2099.9813158393004
Dec,28,6,31.435926753106084,49.05251375541639,4.487521429896831,8.41764006757545,16.076612002492805,8.115559962213204,5.947324362808165,486.14371614447396,17.362275576588356,428.04534324544585,2024.5639569366376
Dec,30,5,35.66601682200631,42.463493432585466,6.6947361952627755,11.170368912128037,19.289468583018092,13.477198183875402,3.650330645870224,424.51862706233265,14.150620902077755,371.5144409784015,1744.1616391113118
Mar,29,6,29.572656102332978,57.8219625099599,6.947838840181506,7.036849903581895,19.298698228448313,2.2561809295493305,1.1342423846144538,453.6201425559162,15.642073881238488,481.03690142240646,2055.5446733531385
Jan,30,6,28.505241615724476,71.16937286602148,11.962841117277478,6.403203271586907,15.900850346930088,10.300045689383929,4.745377265691355,577.625021411692,19.254167380389735,583.6045689060277,2859.844394495706
Feb,29,1,42.167932982757236,82.25063647383966,9.422207750706695,6.794920017636879,19.352243870600148,6.483611105943826,2.042687484413689,300.6058450042374,10.365718793249565,190.74998328822372,1197.2944454057897
Jan,31,2,31.774069422489138,71.38553886913688,7.823287365073899,7.576441547048833,18.908606611479613,8.361456684337226,3.350659575893959,328.628387385329,10.600915722107388,308.7430181725017,1347.1541410529478
Oct,28,1,26.762333043096536,44.38083488157383,4.057111306663331,7.799877231459077,21.01977250915421,11.218505677916966,5.095718642622515,235.10647236391338,8.396659727282621,229.53857524527987,799.2757053179974
Nov,31,1,26.87581306988369,59.21159312747874,6.144409609920443,6.172464979476099,19.13827288373504,5.530768549559732,0.6220521426657046,150.12445714494078,4.842724424030347,137.49185934957293,610.531570321178
Feb,28,6,25.75794038460897,65.07961257297835,1.363045157580971,3.54921244332727,20.117162107468758,10.65692855724986,0.41029864791271564,379.7479577778206,13.562427063493592,372.4747501578787,1377.0866380514913
Sep,30,6,34.21456210135555,64.1310934030831,14.907142168111257,6.765956198066116,18.954155181860422,9.150647179162942,1.8647888927802114,621.9035459710943,20.73011819903648,450.7187239378905,3232.239431507295
Mar,29,1,28.360302181980412,68.4716546353145,14.205837366453393,8.791616465831158,19.959858219394377,7.357652539292445,10.0,440.1361683147569,15.177109252232997,260.54622891035007,2009.286220994151
May,29,5,30.573131140454187,50.99541264247087,9.086555506133951,8.299768273757683,15.42576568686445,8.117710055956321,10.0,555.7490047309533,19.163758783825976,463.04402920099363,2749.9928026149823
Aug,28,4,29.714210965027792,62.77931705060891,16.16039697429717,10.63901983361682,17.756511085778172,9.381792435252295,3.858988535859465,570.6117187767679,20.37898995631314,568.7242070109726,2921.4735507188507
Sep,30,1,33.29171583573421,67.04387395731355,6.1970871941916075,12.302070396720335,17.92203446354494,6.928653949747151,6.070970534729062,289.0048241590921,9.633494138636403,156.28100318595006,1121.1486642903083
Nov,28,6,26.18965158202191,71.90805143964391,6.466042107672088,9.670534297208631,17.512500106129437,10.028377901302445,2.786956493553675,459.1356411626377,16.3977014700942,390.4209471399419,1974.1403437643771
Jan,30,6,25.15992471235643,52.3313820006465,8.777434728659589,11.041545413298097,18.887773260633452,8.887293513335697,3.1157333212654286,541.471731229999,18.049057707666634,384.4671695853969,2549.5543408230965
Mar,30,4,31.009337882317173,57.858117593085225,7.722099664633438,9.686903442978863,19.268759308991502,7.554869851732157,2.3974496386983173,392.1736957425175,13.072456524750583,364.11714151846525,1591.184418382442
Apr,31,5,32.70431678114954,29.55418783911992,6.206874376281018,11.761778363040245,18.784514154142297,16.359368935611933,6.621910405084375,462.82320315314394,14.929780746875611,562.1112318093959,1989.1227789802347
Apr,30,3,31.496395408939385,54.54245638906671,5.742085118030091,12.07187799544079,17.646112237557325,11.660959690246484,8.741391965102961,437.5626579446019,14.58542193148673,407.70649791610947,1900.1962976498826
Dec,29,5,26.357458219062025,55.70702128434748,13.34548105146929,10.092563375713638,16.52853984030975,8.469151069508182,3.055479570227667,554.8806611174309,19.133815900601068,524.930772187138,2733.021836913659
Oct,30,3,33.04868178941127,49.764985901990684,7.363596332853417,9.554036322134088,20.194372148312468,10.583441723298835,3.1044479054389287,374.0031016609108,12.466770055363693,399.84672432687273,1454.5503285807538
Apr,31,6,26.652625828069645,63.98734580279182,11.495855626827996,7.548489221737792,18.69946563322767,5.892719452905967,2.5065658121950736,571.9539563586707,18.450127624473247,550.6600262090222,2794.598274374163
Dec,29,1,27.653076098461277,61.32865481545678,5.019773190127948,7.909057981879398,15.962772283201183,8.252913572885667,8.898932118590231,275.1635340302857,9.488397725182265,256.4664662836199,1065.4002847844981
Jun,28,2,25.75220913875099,34.88943346906866,11.44857448590978,7.256757871029423,17.612624916700753,8.71969019824701,5.51851669926556,406.2466442261939,14.508808722364067,438.9348620762186,1753.9705851287038
Jul,31,6,35.855212568934135,64.58609563162108,9.76970597251755,9.366753543969123,14.513400644585278,5.01282436036047,1.1065488194020021,512.7132232121336,16.539136232649472,523.6572559347169,2414.689158350104
Jun,28,2,32.85039693462307,50.86011043053167,10.26023732607899,6.415234317809433,18.070741228694885,11.549416191977672,10.0,406.32596636420556,14.511641655864484,405.31882610282946,1777.6264099983325
Feb,30,2,32.72247019055493,67.82826751028618,4.941215846902812,7.579566338484198,17.60324011480281,7.9775491895486965,0.1275469285945421,252.0495984856473,8.40165328285491,237.42028192100855,905.9270790263414
Dec,28,5,35.61245139514103,46.61778502725602,10.384290713982761,2.8186262526077392,16.851066099289323,8.578133330210385,8.275377247771198,518.376869800648,18.51345963573743,474.320843018585,2467.5170120118783
Jan,28,2,42.656921617074254,62.360078462371284,11.93449336619296,11.790797768499521,21.16920037960706,7.725120563506579,6.235589384846951,474.17960033034603,16.934985726083788,511.7499004103235,2178.2882232413367
Mar,31,4,22.308482532404298,58.60204005336193,3.8142935085503837,7.5149559183101,15.687691760915776,21.836362362572398,3.0634231106441043,374.1838009609879,12.070445192289933,342.8495968641499,1467.900723536338
Mar,28,2,26.677305386053014,65.63722261940396,4.074049076618528,9.002276962140469,19.41278590336467,7.349539399303948,3.0013841300986455,276.77200721639355,9.884714543442627,310.0020499330804,1001.1335173636124
Apr,30,2,27.22721212121464,63.49636733181616,4.630872367466568,11.207130728365085,22.373416321863747,1.7252921844566895,2.6177402514968096,234.83288967634718,7.827762989211573,193.47200116501944,841.2997591719396
Feb,30,6,26.171311699277883,58.938029899742546,10.55163006896294,8.660645562370595,20.154535807433376,3.600272116164658,1.1629919149884607,523.7458736229469,17.458195787431563,600.418034557124,2528.542803492571
Jan,28,2,25.150875385783294,43.564732231469065,3.693677617590188,11.17755614460555,17.936922435804465,13.037210490781739,10.0,313.92802529509913,11.211715189110683,320.6351637320258,1196.341838454295
Sep,28,1,28.651561211750856,44.273504438467626,5.969206749885336,5.268176813266992,15.731862721153345,15.34581076673252,2.9269263334509787,252.6841025202464,9.024432232865943,210.76139930661796,945.2571438225576
Dec,31,5,24.525283281197677,54.993356730893375,11.473772265348277,13.274228497114946,15.27587564683109,7.272811234508586,1.1412464619669038,453.52387048081704,14.629802273574743,465.39133050503074,2072.243107759967
Feb,30,6,31.50769065391836,61.90064139284495,9.19754161430837,10.391642436675285,17.176896610084956,15.115798678541855,9.592915377525342,567.7012542749941,18.923375142499804,497.00009386965445,2800.2290661327215
Apr,28,1,30.232642446428766,54.701024633610594,1.0898797067046595,8.46024548347061,16.625998532172183,12.966359999370177,4.206478537075398,215.38064182606507,7.692165779502324,207.70138440706873,697.8685142855602
Jul,31,5,32.16462899143645,69.50254316695359,2.8393836712762854,11.13517453177598,16.560906182083734,9.242079476055645,4.405822062281169,397.55653512234437,12.824404358785303,356.50423990725426,1512.9510716341645
Dec,29,4,32.28477803237214,58.649348969459794,8.711324272132046,5.429003250823381,17.347373089057513,8.958214864917858,10.0,483.06498339882256,16.657413220649055,455.3957064560115,2169.554165810904
Sep,28,5,32.71353084042004,50.41984730264588,5.439424926855898,7.365047266707114,17.795505814228626,10.723480905662614,4.88460818914706,411.02556656649244,14.679484520231872,444.8883202069823,1694.1756004734493
Oct,31,1,28.31965978429253,58.66284448414509,1.1354613227781067,11.177350872085235,18.970423895290594,13.509823288614564,1.65320527985664,147.6545909952381,4.763051322427035,151.7012887255465,452.3104054517576
Jul,28,6,39.5451453118515,64.71031803579862,10.008158398408932,3.8924676020310773,15.524407561075142,11.589178262380088,4.878913564229322,549.526619491395,19.625950696121247,447.1511835856479,2627.476096090735
Jun,30,4,31.05494002416944,65.89861662589502,8.046341719206694,9.23300710490937,16.6355124077339,7.292766792805217,1.2748099304860587,391.0884688680177,13.03628229560059,321.141303856992,1624.8364801136095
Mar,31,6,21.618818613188424,84.54054958391755,4.037247795638076,9.17078755165934,17.680655834355036,9.303171811894757,1.9618424124405813,462.5744476139218,14.921756374642639,460.3544738943201,1973.1656559118262
Nov,30,3,25.489309144052022,53.97308791995897,5.541471460745775,12.332296797008759,17.609029613153464,17.925053818887697,3.7601872474496756,363.209312258993,12.106977075299767,364.8852786123074,1435.7642619599808
Oct,30,6,22.16773654937483,61.11825606091519,4.337085742716764,4.51749807661108,21.672847414826848,11.004855189184768,6.0029619817052735,468.2721038920874,15.609070129736246,408.4841297069872,2043.3333526848576
Jan,29,4,30.07800583118088,67.11348736183312,2.9965588776451995,11.541188325469594,18.464493185447715,13.477301707530462,1.7451525835488577,300.4886933525769,10.361679081123341,350.6315459435635,1141.752150313652
Sep,28,1,29.45187649176,61.718924489590215,6.3626149662348634,6.769164365072414,14.772820376081151,12.15953994899693,2.5526715754947835,244.7766102733209,8.742021795475747,260.8717351809048,943.6035107210691
Feb,30,6,27.89208435945244,55.99258224813616,1.0064119356441343,7.016579188193919,18.83636272317353,11.093430975990811,2.5293235460375496,378.52407419638183,12.617469139879395,332.5996683374924,1444.5602183288502
Sep,31,5,39.049167505802316,43.408913883869076,8.958908603371821,5.311590348688455,19.09132744548796,10.434795600060276,6.785435750119042,502.6951275987034,16.21597185802269,435.3876728361701,2336.45762412029
Oct,28,2,32.4704229333461,55.86998529136381,10.983033199143513,5.606725517572764,17.749743943510524,13.589562501299918,2.9981549893153496,376.3163110804601,13.439868252873575,350.1187809712477,1632.736460700805
Feb,31,4,33.267442626508505,49.11557104738639,3.6563024458995503,8.88774916439863,15.573206651181597,12.874568941242734,10.0,422.9700695563711,13.644195792141002,387.8038839406148,1737.5437100239646
Jun,29,3,25.810169304260533,41.280719826514655,5.330740470713895,5.552869787481018,21.516109390626927,11.055573912046194,1.9604505623271877,359.01927732052684,12.379975080018166,403.2865244557508,1445.6145317046671
Feb,30,4,25.503847989010445,52.451853899952965,3.78208926917741,9.628625534036415,15.860232172837485,7.224949897808448,1.8178772058552635,331.4918639252811,11.04972879750937,360.6591655696633,1287.7092325415895
Jul,28,6,30.165624745936295,49.434899350802546,3.606256832512466,6.541474696666542,19.321544412831866,11.542235222193888,8.168394390114205,506.2447602888073,18.080170010314546,488.30295834652935,2239.213764660624
Dec,30,6,30.778532128435018,69.00543854351538,10.423579838280782,5.3313256271329745,18.40010105812787,9.731968254127667,4.58009322381393,571.2771506202474,19.04257168734158,598.771419033311,2864.711449073631
Jan,28,2,21.646597947984944,69.21310204897152,11.246512326410286,6.838819878008232,19.20162109805954,8.766976354619697,7.951059733725987,467.75691284780055,16.70560403027859,499.0904419931575,2126.901074568442
May,29,6,29.1886183971771,51.1534485250295,2.0799469073988646,8.740755821863873,21.41371584833466,20.71510389986427,0.8369200115491354,388.90213254702167,13.410418363690402,376.2915510357985,1460.8804452194117
Dec,30,3,30.063324372930772,58.87725643324255,4.705284939810539,7.389822823751757,19.12327774428207,3.8437947691686896,2.93930733213374,302.2498694076401,10.074995646921337,305.97976225518437,1141.340895960391
Apr,28,5,29.03182875402992,39.701088054649574,0.7198542303861784,8.075262260332156,16.882671545912935,13.834051436229931,3.756284387665102,338.34330321252185,12.08368940044721,350.9446904553366,1198.3363518611384
Feb,29,5,26.339743144439957,56.06792059780767,9.49238285826404,9.531656416039384,20.21198455025592,6.549316222984677,3.5489370014130057,510.8168999269846,17.614375859551192,522.7642656682323,2315.7627303322056
Jun,30,3,27.57209168135487,66.78778280842815,5.118483114626864,10.381327193557286,16.73780109991176,10.524781957373584,2.588211908504384,347.3893270073918,11.579644233579726,298.322496007248,1405.9507950534314
Jul,28,3,29.204133628922417,71.89925467536924,1.2718603811830385,7.317790321103252,18.327116022790534,20.27435007636074,3.4918260311644493,282.0395850970766,10.072842324895593,245.90967445203745,939.3728267499881
Aug,29,3,30.408600106245213,53.44343501970423,3.0257759085790066,5.702711565732451,15.41383278396842,6.150524020703749,3.6425349837428174,297.81372412864783,10.269438763056822,274.7280065386538,1092.5000462924834
Apr,29,6,32.721562121477554,74.62225832633024,3.811921682099388,8.167407853629536,15.933437545326495,7.104509380690946,1.7712517752424095,393.401036642464,13.565552987671174,341.5246753851835,1476.5700133993512
Dec,30,3,34.86385292227892,43.81169694183834,6.006049108344785,9.035429089428957,18.10277334087237,9.929945051393599,6.585420075152351,403.28325856674786,13.442775285558263,309.9219443373016,1653.554758145977
Jul,31,2,28.675435244127375,47.02846641027449,0.8080934896219958,4.7864043268617085,18.736173417161744,6.611132169474553,9.67337958252188,284.40631241302424,9.174397174613684,298.02191051214623,949.7836950261554
Apr,31,3,27.94729711748089,70.51594238765452,13.249223228257216,6.040661746583313,14.595218754617939,13.536225403761204,5.1977893056418685,505.0789482889212,16.292869299642618,507.62103916906926,2417.819442937166
Dec,28,2,31.96945053090438,82.05345474275896,3.5345009626167205,6.41778882888153,18.99457473600133,7.86188225574682,4.1026159902897295,263.3953258360201,9.406975922715004,206.9977363516408,950.5482297563229
Dec,28,3,32.74880212384885,67.92118385820434,7.245112341448358,7.542791184815171,16.361142046803405,12.616038560597348,2.7844483519107732,380.14911603242984,13.576754144015352,353.0371956410465,1517.2224078345666
Jun,28,1,28.046098050335015,61.51589136159185,7.259334681956682,6.325725412021071,20.55937603134233,4.683243472799723,3.7317191621655077,256.1608708157005,9.14860252913216,239.7775499776384,975.1829688100458
Jan,30,1,33.55677064634777,35.65779504173349,13.7472572292135,9.55548959521318,17.296071142350982,2.7726739913830984,4.036056302235037,403.01967401202967,13.433989133734322,396.43142100617797,1821.9707563088978
Aug,28,5,34.40813403520188,37.73063532747825,8.548870695718172,4.468706956791481,15.752755460900028,9.084060084187803,1.1674078597329927,444.3294529845976,15.868909035164199,364.0613735938955,1965.769888264257
Jul,28,1,35.81258909546403,63.55291444275043,8.352812047658613,4.524618866172266,18.151609115918504,3.72596864784962,6.350267234411491,279.199216019666,9.971400572130928,218.88681058485705,1092.72751543877
Feb,31,4,38.0024440802392,57.703247965145906,11.2417754449076,7.265444614674783,16.16752999784255,16.0730756510618,2.082961170396152,486.10910604740707,15.680938904755067,499.50830712604863,2253.5916625426707
Aug,31,5,26.101127376032526,48.72997781417459,2.0687702932043357,7.613563830892315,20.53789028286625,3.880786038020008,8.480048071263553,371.7197647751137,11.990960154035925,282.7244543954303,1394.4115942635988
Nov,31,5,30.0625419419963,62.78639096996061,2.2749181198879036,4.799783479712172,18.0010604150662,5.849253249317209,3.399448829054642,335.1751841188328,10.812102713510736,311.6303829681769,1256.4143716463057
Feb,29,3,30.05074963478397,63.381576410093714,4.2396403388832695,6.665152546175357,17.696646753813425,11.654479541898441,6.431200916333779,343.98637356671424,11.861599088507388,315.64532450191,1369.5359950064235
Sep,30,2,29.558668941603717,73.33299042248328,0.49529167156631426,7.117703601678004,19.183602037862016,7.654544199751975,5.13983690838793,199.5437039965644,6.65145679988548,188.3638766012255,557.95313176649
Feb,30,6,27.078316861754388,63.63922739615241,2.996948617644878,7.1347445165512795,15.990105121599413,3.9264481205295843,0.8491230188751828,376.9522066816735,12.565073556055783,374.25823886055,1426.1571497451937
Sep,28,6,23.314970985460178,76.74073242001262,3.5917945725899636,8.334139263236441,15.421692689342972,18.15985664028784,7.9466878822717195,486.31665101115544,17.36845182182698,567.9274811743633,2132.4036106739286
Jun,30,4,30.41705750713052,62.09592835458576,18.0,6.544526454268164,18.816703158883275,5.993464787361704,1.4997162157375155,554.5478434712262,18.48492811570754,417.0565861691023,2941.70972263358
Jan,30,1,26.542399532034395,60.61598006231197,12.262862821531705,11.251239860018202,15.800658583982383,9.214968770013803,1.9593653652497913,378.4665264447211,12.615550881490703,406.45624766602856,1631.5879043621746
Dec,29,1,30.386970663364313,74.77174623496619,7.511042779721605,9.074050207413858,15.799979692501086,9.16322991957588,2.119179622057183,254.60257753538528,8.779399225358112,161.270230283967,974.1951422273576
Feb,31,2,26.42680406235516,50.25870943950279,9.658691529723301,6.224350254589091,19.673512062441777,12.84123660786631,0.5343338498623773,401.5334461848207,12.95269181241357,458.22292161163494,1729.5347642128534
Aug,30,1,25.051537443700465,95.0,2.21347729272313,8.20792528540866,19.05012821996788,11.849409842684235,3.5274397696308175,198.43298839505277,6.6144329465017595,137.7972220006062,612.9663584930133
Mar,30,6,31.05434262169604,66.50308973800082,6.49399088238634,8.272833700932331,15.492340915094177,6.692795849075978,6.727074052781905,474.7304382473445,15.82434794157815,606.1032109709565,2067.0844307276943
Dec,30,2,30.679146870629232,66.56995103405208,9.314030045137486,10.672387243895118,16.761727914117326,8.696691130226773,8.333448602844175,391.57314427990036,13.052438142663345,356.0692786201265,1661.930758580572
Sep,31,2,32.6067688709442,68.30115168767117,4.057140909112491,6.679158656384027,16.19253688810736,9.092310265832737,2.587626999602641,280.3830262013745,9.044613748431436,316.2019011333291,1094.3359384749433
Oct,30,6,39.836386948879316,84.52563770397971,8.213756624646901,9.688145134985263,21.55263859608116,12.995837992794248,2.9768504891113152,514.9495538759437,17.164985129198122,566.9287075972603,2342.4804680814923
Jun,29,5,31.24780289044881,71.51008894007128,7.56704858007541,8.09207984672145,19.812020855141217,5.326712340565595,5.408517261843226,439.68631532750527,15.161597080258803,397.14948628368785,1945.0210073933154
Jun,31,2,32.18286795178858,42.73932825195291,3.019605083338015,11.281446336187287,17.158310307989453,18.072442227023128,2.6495119338442032,286.88218514990285,9.254264037093641,261.9901643073551,1022.9197199274532
Aug,30,3,25.150974020097035,78.84164461721005,7.72587607848631,10.839961195806698,19.152389378686983,6.963266450162223,7.169791173596041,409.732875909348,13.6577625303116,348.7520594305023,1725.8408613566012
Oct,31,4,24.208916517586314,57.909241046659794,11.125827345367238,8.43335447010372,15.287627628138342,9.965002412973627,2.856475080195557,486.9774538064901,15.708950122790002,517.3444531058007,2346.55825238456
Nov,28,4,37.12273251048,63.28586087407188,7.285497471578871,7.422978233764667,16.654707697621014,5.360042241227033,1.3079081838107909,400.8336130986755,14.315486182095555,362.73403604275694,1646.8332316155963
Jan,29,6,25.844340990300132,46.6489523338968,2.466897968341881,9.114533001294802,18.209726531883774,4.807363953437533,3.6010979816325928,411.6930389005329,14.196311686225272,351.3932410730623,1587.4859912519173
Aug,31,6,25.30225167839111,68.31442421748675,10.902401626169162,7.603009940320234,18.904461498291827,6.502286363689504,0.6679835958453934,587.1428183938176,18.9400909159296,604.6666134070572,2941.515463004362
Feb,30,6,29.82405485452551,54.183508519189374,5.485798171885268,11.696675633152337,17.805081748973112,6.11790712934298,3.562939281178708,424.96762081261187,14.165587360420396,358.4036940721749,1749.894350163066
Apr,31,1,29.594134139801753,63.202035655921684,9.919880881728732,8.172634171989426,18.496027021428453,8.342971903380677,4.1148132774723125,317.7845427489555,10.251114282224371,291.4822477085985,1368.690166125578
Oct,28,2,25.938720721005186,58.5908119356706,4.329443906950374,7.1075862084717585,18.156672919906253,6.084139884945037,1.5068571996030484,239.18736846416712,8.542406016577397,232.95026182116203,847.6320034994417
Apr,28,4,28.62762051579105,85.10015362083023,4.593780262676228,6.988846810637364,17.672845195955365,12.78220968517684,3.989764955955079,426.43524076006713,15.229830027145255,373.76373651947995,1766.5830460669868
Oct,31,1,35.532190729425466,85.78712360174708,9.24967434436584,5.331321712562843,17.407708815618214,6.8680644187265,2.384064025732044,340.4567389310935,10.982475449390114,305.08283145270514,1385.008033187138
Jun,29,3,26.37302876025691,62.5581580425769,15.436736348495877,9.22443008180531,17.147470254644432,6.424738026192339,1.4475749190966782,524.0870343505915,18.071966701744532,607.7039761527781,2571.4073428505517
Mar,30,1,23.728473820352228,62.76773253642626,9.387895716331354,6.195975354193094,18.463875017257177,8.428124543530926,0.5637043075606704,267.45236772637264,8.915078924212422,249.65325859170454,1058.4619439948779
May,29,6,34.24167129404906,57.51868440380582,5.880284724047674,10.415926154813043,18.821631178398913,13.971355514785177,0.7586118753641109,442.53285604008886,15.259753656554789,404.142464867618,1869.4045686285942
Jul,29,1,32.215336103721164,75.27207549803343,7.6232349550663745,5.1555428811965385,18.39671833463767,10.859504694441597,9.096340278420703,321.27480485975025,11.07844154688794,301.1095843726817,1243.1471027306966
Oct,31,1,27.207666207081022,58.052961555999474,4.089581318997054,8.27993118774115,15.642805899997882,9.60124188045012,2.300693549094918,192.4413677799065,6.207786057416339,196.1129852142613,638.3978200904937
Aug,28,2,22.880248427428867,56.94395270425161,3.490266516189809,10.530492268694399,16.002144297713624,4.267820920125284,4.037078375477238,295.7910392858243,10.563965688779438,244.204408001255,1046.8576520532285
Dec,31,1,26.649194896026465,73.74311436397957,7.571373623106623,3.265056457828,18.797763611896134,5.429166160545162,2.569516659288387,255.04890941016453,8.227384174521436,259.0118598898759,1067.3244243857287
Nov,31,4,29.75383003417828,55.54041085620021,6.497288317318656,12.440184196342809,20.943346601341755,4.886360239841506,9.256057262988074,462.7270024489446,14.926677498353051,459.6066606135509,1988.639053371699
Oct,30,3,35.24552440447719,61.54693958661763,5.996214621053702,7.06437256616416,18.30483092311751,15.227404894689386,1.4543616604333276,353.0472578115541,11.768241927051804,256.83298329185084,1358.8184582519254
Aug,29,6,25.335381113086545,43.024270621868084,5.387443448714301,8.310409840756707,17.176663175046013,12.12225249252659,3.190197209468413,420.39236517960217,14.49628845446904,501.63454696340733,1729.1524373234672
Apr,28,2,29.61966053319837,70.45028414147801,3.400525000665524,9.257188296135956,18.44868091088555,6.553517964303223,1.9472906431645636,242.46376102127832,8.659420036474225,278.81047609258644,907.4756865284032
May,30,4,33.03815096952704,85.29040327018242,9.357051071183799,9.597483923454218,15.726357154973144,7.742513424697378,6.379949500752502,446.98631131677473,14.899543710559158,382.5875714671117,1983.520639230493
Feb,29,4,20.0,70.6547044735975,3.274226164633155,8.602544664171301,20.617886313072926,6.698839295050664,4.003607227113487,338.7130875703246,11.679761640356022,275.7410915074505,1271.3315874779232
May,28,4,34.65203775572505,79.54159001056766,7.8723672755001175,10.19424608415401,18.373188289016056,6.456555134477165,3.0952959249761505,404.9459669323363,14.462355961869154,400.7534376715658,1719.677129782668
Dec,29,5,24.67897242507103,51.84677436587203,3.5710852799393145,9.141955568427989,16.6610855735789,11.841204124864722,0.8776677259030962,349.1688989243554,12.04030685946053,270.4794181176486,1356.4220495885752
Jun,31,2,31.493979720556204,64.83589138433841,2.0116021959032855,11.873938508071069,17.66640906781425,8.849855116862747,10.0,312.73275756411283,10.088153469810091,355.6887233887208,1146.9287197775552
Feb,29,4,31.11007417324835,50.682080907567325,15.705711376383066,9.149120594280115,16.94592753587277,18.324670977189854,2.6331662901631114,576.8884273498668,19.892704391374718,518.6809701983043,2925.387670742241
Aug,28,5,34.8806387615873,59.266813453023886,8.758663636691946,12.322198143742792,20.623339953633668,15.001439298067993,1.228150605507261,479.6578018596961,17.130635780703432,561.6000948008545,2180.9967438980166
Dec,30,6,32.47915971402093,71.26653772823006,17.01109758142972,9.982373448522843,17.59551982110588,15.237921361866889,0.5668553894089743,665.7018373737444,22.19006124579148,567.7288748863728,3501.560474071559
Nov,28,4,20.0,63.22184735723958,5.528285624115622,4.027349723309822,18.310731492231184,12.685427899792504,0.730099201579525,324.63205210255603,11.594001860805573,306.91159889105137,1236.6323035237215
Apr,31,4,26.468493387798038,45.04830772878534,8.55931609475189,13.74442589245325,19.147452913302583,8.309363717971245,3.0709991903608085,464.30236653144095,14.977495694562611,522.2183474473884,2134.4771410813587
Jun,31,6,30.62192308208976,46.219650733546956,3.5166601209285986,6.736442961350118,16.518466792470917,12.391163538118336,6.453145132539219,450.22671478577206,14.52344241244426,413.29860982345025,1916.2112181153325
Jul,31,4,29.12259051246096,45.42603282211071,3.1481524101366665,11.290196833443819,18.387418932270315,8.604669221885368,3.798364720512608,336.69263449840446,10.861052725754982,335.1343962770317,1281.2006623860912
Mar,31,6,32.149248283905465,67.89743107927508,6.6208693906681955,8.058945574862765,18.54887113878842,16.52110420291345,0.6078426720531277,448.39767202739364,14.46444103314173,494.15469865159434,1868.575514412968
Apr,28,1,33.55214950051367,86.76673442788001,17.67114307369104,10.334398566725675,14.891842357958758,11.617117532199682,3.065734634309848,466.4006771319241,16.65716704042586,414.03033206039754,2238.870117302391
Mar,28,3,32.73803281393356,78.34949892800256,4.316391589048201,6.485346396095252,18.50539297755522,11.04944143441206,7.897943733048787,405.7962870798415,14.492724538565767,323.00326062964047,1576.4222451961887
Dec,29,1,29.035762758504905,39.248177610247225,0.7164976723338226,9.376637994797093,17.908475870113723,10.508290649718036,2.231633018826544,158.49223293182067,5.465249411442092,122.09728466523539,464.8638136365247
Sep,29,1,21.691483449957836,79.0529112568374,10.730096842466281,7.442980800132308,18.259932584231994,16.96106570944343,3.8073852531754486,333.9842331384206,11.516697694428297,345.9563179360341,1381.0443246179439
Nov,31,3,27.950334380153322,73.23680500417576,8.932225461206793,11.473806845497755,18.071259426981133,4.2649986646528575,2.318398033487467,411.1754522930538,13.263724267517865,415.5097309863479,1750.3035605587893
Oct,30,2,31.873656666625298,43.45640065365491,5.052018964378765,8.96506996831742,18.518339745900164,17.353151310674903,4.482572102999985,303.13141324999117,10.104380441666372,332.8432062666918,1222.913320912989
Dec,30,3,25.09298736352285,58.36158059947403,18.0,10.059073810863445,20.674686451352315,9.255384770183449,1.4323998461427743,559.6042604918647,18.653475349728822,517.2837330721561,2918.536096788801
Feb,31,3,32.840736285547095,75.14626893794971,18.0,3.239030882759245,15.640985175829782,4.3754040967373955,0.013710205859338053,483.87037867199354,15.608721892644953,374.51768430512425,2449.4423176471955
Nov,30,4,34.08776983770287,68.60520213121742,3.7513316202339246,7.8117401044650245,17.31569532899916,6.991161073427776,0.9350570196577165,347.5445731679305,11.584819105597683,227.34357175386893,1290.0890868905406
Jan,29,6,30.57090139333129,46.29085937134417,3.418986404152772,8.90321359712825,19.333237257925674,3.396770949105669,1.9897121569984535,390.1601859442116,13.453799515317641,520.0192019453231,1445.5624370553796
Jun,29,6,20.0,69.32890586955433,5.088024349145842,8.491952794167355,18.961851735455824,12.61462698234256,2.8171328920423124,492.808107091117,16.993383003141965,506.85313440273893,2126.746364680215
Aug,30,3,24.248602367796884,36.34999284703295,7.088700126885754,10.11454587017927,18.918811106684167,5.846828198613922,2.062161954237784,326.692257794513,10.889741926483767,319.4341124762186,1255.0630397376253
May,28,2,38.48785121350237,59.32613389091346,12.277770133434093,7.1950106606976,23.507154431346674,10.6746706648188,2.025248121753261,405.7434320179192,14.490836857782828,404.21100758123157,1780.8319068802673
Feb,30,5,27.5405799313723,75.65548123280058,5.326841731983304,8.107331631076187,19.228271048233413,14.53686812066339,6.493072602495581,494.7586714552143,16.49195571517381,382.9065682611598,2205.259834889707
Mar,30,1,21.07135549591952,62.22073058685584,2.076731850750743,10.598698881712982,20.26187559251005,7.311932285735453,1.1038414375945353,180.10526925347506,6.003508975115835,154.29017606925814,538.3880142177871
Oct,30,4,35.558613247396224,56.01274940045665,11.628287641323686,2.9868841924202147,17.385855882294983,8.92758522790243,3.082668051902337,524.7245243600654,17.49081747866885,622.6553927733237,2537.0205837570006
Apr,30,3,30.06010016194653,72.6721550452682,8.09483108494874,9.29657110360435,16.014175252205437,4.786533560335937,0.6557531020115428,340.069803542071,11.335660118069033,355.5719355814767,1448.3985632274328
Apr,31,2,34.97223220030976,73.69702178103898,13.696623944370206,7.265453382814183,17.37136514153273,8.44657156419521,5.200408913826524,460.7123107080052,14.861687442193716,396.5499689110767,2257.6832382629673
Dec,31,4,31.246314038487142,77.7204763144034,2.6818595409383517,5.9929001259820325,19.42392034268681,20.29609450109349,3.7213060249345067,394.4747749527438,12.724992740411091,315.7825828955865,1536.108236433094
Feb,30,2,32.06351611295476,72.49210914135665,5.920939377189606,8.740397293407156,18.813655709658352,13.111732656441767,10.0,340.17845045198953,11.339281681732984,303.7656694584723,1339.1700939072825
Nov,29,2,31.633541614715323,74.97649752724575,4.734741003269629,10.700392852979043,18.80650274119776,8.94107832442558,1.0595855302557051,224.6855675571706,7.747778191626573,206.48469203537803,829.5429927386467
Dec,28,4,33.1386974036445,70.79490268925042,3.973690446281489,10.2861164292652,17.571311226405744,7.55324785527314,9.571717201094202,394.95271349387235,14.105454053352585,484.36565729049016,1581.0654819334109
Aug,31,2,40.24843701850244,65.18634378939767,11.594306356083322,7.702751332005417,17.25239476237405,9.829466417374267,1.2154185242284994,400.492099960656,12.919099998730838,374.67046838412034,1687.3860425603295
Feb,31,5,34.36952851181635,63.07410799716577,5.2344888739534685,9.926630120274087,17.640285511413445,10.520203008774558,2.2164880247305145,370.13622719461245,11.939878296600401,298.09227088071816,1516.9885023251616
Feb,30,1,22.88847306969509,59.15288337083118,1.4991916475622586,9.909749376580857,19.448950900330427,8.323721171416969,0.789617770363875,175.41770181276388,5.847256727092129,167.06460778736732,524.4858215309432
Apr,31,3,32.009976818755064,47.451580483283294,10.420007196158387,7.807783204915033,19.681454856340835,12.120236783084517,10.0,511.33048243005226,16.494531691292007,508.44862428572094,2408.074514351245
Jul,31,5,35.13666345646448,50.536261894162294,7.319621227185287,6.475222785625943,15.987516700657544,6.186210039758365,4.177377217122643,496.4225899203685,16.013631932915114,393.92569401080743,2243.56644389201
Feb,31,2,35.41215362941266,58.615826216777485,6.682556477321638,6.602485131530874,19.524685118862898,6.1664493000629275,4.212338480536775,342.5029589073982,11.048482545399942,346.7094156687797,1390.3683942763541
Jun,30,5,28.080277576234053,64.89742591522915,11.960588539178875,9.843277367509902,16.69855753848754,11.480781828200818,1.3315823171698518,531.300027284629,17.710000909487633,593.5466463887159,2542.350397953999
Feb,28,5,35.24225000334658,79.28975117605115,11.893991337366042,7.907277009832081,18.937843303682108,5.325432985742409,0.15463534906107915,530.7998179532203,18.957136355472155,519.1366951827213,2547.495767848104
Jul,28,6,34.17484079798042,61.49843326549385,3.547811554264624,5.6983991165927055,17.616068515075025,12.916069011450158,2.13674000437977,426.27686514897107,15.224173755320395,365.0556340905161,1730.3999314814716
Jan,28,2,41.57632846636378,74.04171549053197,15.225936092445188,4.293301761879925,21.13157709847797,9.942877550412266,1.7907712462159147,437.51304983383034,15.62546606549394,389.9321244864022,2052.043176148493
Sep,29,5,26.6249921868817,74.95178787718545,7.097984084380619,9.830029194612035,17.16385074203771,2.688363125131146,0.36338145195501825,381.4392263053274,13.153076769149221,283.9247927574197,1563.1487267667756
Jan,30,6,27.716697406198087,59.22263842773451,4.274913294188715,6.797087471018708,18.357223681789566,10.437996502243788,2.2647930483142797,413.25633316688663,13.775211105562887,389.5360062880242,1641.773913078572
Mar,29,5,28.622464281930206,69.13628253644221,4.146330328051973,8.72685306244316,19.213186315118854,3.2594135016440218,3.0874186894933606,384.9801620567176,13.275178001955778,385.1346909332156,1521.2372266171233
Mar,28,2,27.79400032482551,59.077663499301664,1.0974649815002648,10.727355195552072,16.252082299754235,12.773448038622645,4.400524641358738,239.8135128700177,8.564768316786346,202.26777306427607,822.1353716124838
Oct,28,5,25.994906626063788,77.86563072894172,18.0,5.120366150922333,17.85428588914611,9.005142682997615,0.19679389284133747,549.8669760366994,19.63810628702498,666.5273143354852,2849.237324956901
Jan,31,1,20.0,69.63012005919119,4.40680695848043,7.900697762871741,17.466830230753725,17.40433686602728,0.845676929055223,214.25384627907187,6.911414396099093,227.7510532276076,772.1146328105315
Jun,31,4,28.043852368245897,47.714194943739734,6.844562426789991,7.624472878318486,16.972373033188052,14.285251377490429,1.3788444726922242,388.23672982869255,12.52376547834492,282.2243991555821,1617.730368034255
Aug,29,3,31.66211126864957,63.93829582584616,5.766179758594923,8.835434326381513,17.12055399703352,5.757229975072701,6.7030908972722045,381.62100567776906,13.159345023371348,278.43292486330597,1550.2111258823793
Jul,31,4,27.780501695223403,81.77734594188655,2.9361137756067794,10.726151996524957,20.224029196273587,1.9170405446343306,6.610016516724199,403.6974225532866,13.022497501718922,335.9073021764151,1656.7871604546988
Sep,30,4,38.70921532588099,59.825227585439585,15.598726766846116,5.075206007742702,16.802898530479332,6.979594972834505,4.001262975582602,554.8257359804767,18.494191199349224,646.1023941893222,2859.4039265330152
Oct,31,1,30.060191157221382,67.37258036114082,5.9773910029644215,9.253555487152687,19.13281576534321,5.1149655886785155,2.229506255757004,224.3822647565025,7.238137572790404,241.39488821372433,837.6590396674588
May,31,4,35.80963074832861,68.55054605286975,8.503250707807183,10.269352304986143,18.629190004062288,17.302952347508377,7.007503407908648,444.893313378177,14.351397205747647,521.0068116681324,1928.799716778993
Oct,30,6,31.17639185728486,49.56052521002479,7.614666042081772,7.589970459295078,15.20603976844965,9.958741362879394,3.622758404008422,513.574572118333,17.119152403944433,493.7132091307527,2356.1318804388916
Apr,29,3,33.718832894519664,68.12849539056216,7.545511987971527,7.697616615635128,19.038338876852883,13.733675216732667,6.725735126215671,393.2395260494388,13.559983656877199,366.800612082222,1600.6297180529652
Dec,30,2,31.25658699270103,45.27397817558449,16.851350704722083,8.92058861176683,15.172973580484612,8.859876349797656,4.14711534561942,523.5218809961309,17.450729366537697,417.67819910489897,2667.5200570593606
Jul,29,6,36.15953084356603,54.492510723183244,13.590847815636836,8.758597571357534,19.25618365633032,9.281330046877418,0.4385656929826443,617.4509755264663,21.291412949188494,620.8215849789615,3127.7398465578867
Sep,29,1,30.251727075595802,74.9086756099303,7.785859007304398,9.28117573620767,16.985616713738303,9.869491909964367,0.1504331736427749,224.62777079246302,7.745785199740104,209.91423361621267,915.9665991674381
Nov,30,3,32.23254318639954,66.28107548370029,2.809034730544437,9.234817158082677,18.016734506512904,14.426157274369785,2.032930131438598,300.44424401429933,10.014808133809977,279.260706101862,1046.741244429791
Oct,30,4,31.6484982014252,58.346266307041674,8.953849296112898,5.839660927645568,15.411440100747322,11.246499022698394,5.685876563444023,486.92917444824445,16.23097248160815,569.8759083027036,2172.4078023595753
Nov,30,3,28.702715438427067,67.35753225494224,7.661993930922555,10.178586294950875,18.24476464720963,5.77066462609334,1.769130163114749,384.49566002600045,12.816522000866682,362.80051994953743,1577.784654779416
Jul,29,6,31.822420435161046,61.27889302693842,3.487783406200293,10.566922956818525,19.85390083594124,16.49005655234567,8.003706338136425,443.4983511067684,15.293046589888565,502.4958669150486,1792.4666202746448
Jan,29,3,40.05473810788957,62.150942028222,8.254033920356179,8.409382366118656,16.386069143954757,8.828738004054747,5.306715731788189,380.1904805580145,13.110016570966017,286.4926484200578,1527.0954213236569
Jun,28,6,28.78321376057051,69.88182232064165,9.015483290485212,4.712858325590733,16.785665827711977,8.177919504493406,7.5022745878284,519.7270942035415,18.561681935840767,680.559029193649,2400.9300707640105
Mar,30,1,31.887592017839616,53.271587112090415,11.132077513149122,7.747559446799801,18.909242047134978,1.0,2.0846615424553487,339.1719919745833,11.305733065819444,309.1467371079506,1439.266340905729
Nov,30,5,35.66000527891249,62.48403686665629,7.124141229152536,8.42769292926925,18.959236647293878,12.537598364645348,1.1440158693974354,445.7770955446146,14.85923651815382,468.92804891121455,1926.7297930239304
Mar,31,4,35.13113976424926,58.25278166472017,6.633510024371269,5.481879476869002,13.131641403182986,10.404050558647533,0.9739004256288053,291.1310999889938,9.391325806096575,312.27172413636947,1129.682721964871
Mar,30,2,30.052723879737144,42.97275950479693,5.896044687717959,7.207696260130571,22.030812727565547,10.399702626407608,4.457103459019089,311.58322739897466,10.386107579965822,278.97405632454826,1199.7174027959568
Mar,29,2,20.0,50.9545309250084,3.7140106737910346,4.899387347371208,19.05710696709666,8.388701315556728,0.4921835680448048,243.7040619115234,8.40358834177667,259.90402420583223,863.729660524025
Aug,28,5,32.325162683918094,80.81847736476598,2.8146700059650955,9.336042894970177,19.393837324905924,7.699128639468869,0.5352393100521242,350.3700878742623,12.513217424080796,376.02783409657076,1346.679150634855
Jul,28,4,20.012365836196263,66.6166797750228,2.188839568770373,8.365101692784513,17.712919106675965,8.521678292678281,1.6719398601539588,303.63534804542917,10.844119573051042,263.34026988198895,1142.5379825129066
Dec,29,4,36.61471753923554,46.11694038318333,11.29394807580869,4.379277037408662,14.28929298289551,11.852643484509118,3.514323789433061,460.3606364410527,15.874504704863886,399.97557870312875,2114.4634696243356
May,29,1,30.762632420369673,43.51574748981908,2.8385552225293944,8.773222695480356,19.34944412250048,12.556471092133403,1.4018747286593602,168.2594220625379,5.8020490366392385,162.52007417159058,558.7656698166445
Apr,29,4,34.49853308942395,60.65403319867299,13.303250614742641,7.875680315741359,16.869623943538226,9.075873646501606,6.620794035614748,546.9429172222564,18.86010059387091,516.853282966457,2694.96424715689
Jan,29,6,25.94049987818527,80.73423839811778,7.573820100066867,9.13611142205969,19.087863388366678,13.795749977267036,7.5798544279825935,555.8460533639006,19.167105288410365,634.2797737574012,2641.3864642161934
Jan,31,1,23.013716370149755,59.75890238234777,6.859662656707626,7.138628645738059,17.562397859474544,9.68410327593009,0.05954207749851831,255.42277915688376,8.239444488931735,268.5379378717018,1013.1917675886513
May,28,3,31.17339472863525,77.6839946408482,6.589125373613423,6.2367453183653465,18.476078758232756,7.983094327505379,4.2095224455124445,374.1439425486238,13.36228366245085,355.752873096134,1546.975863916466
Dec,29,3,29.848784520197363,66.22316924982388,2.822273649795985,6.304141821792825,16.45000723718151,10.793662299629457,1.777278774088972,267.961280995373,9.24004417225424,278.355535161346,884.0813358444218
Jul,28,6,27.788066282292753,67.65500549415073,8.324155364727684,6.81602552359351,19.728777885357864,4.562454326024559,5.879169451582616,556.1172503238856,19.861330368710203,385.9092796520724,2628.792336180452
Nov,29,2,30.380975763297435,45.97135388834516,3.0191088090221756,8.041415212478304,15.623241921084656,10.930873236316994,4.3224408789682345,247.24155195366205,8.52557075702283,217.5749326683876,875.2502139044318
Feb,30,3,42.45346151414517,73.2502750609971,18.0,8.325508623934542,22.49113885067838,3.8312715778945137,3.381376833411798,524.5682465004951,17.48560821668317,523.2131456536549,2682.860014439145
Feb,28,5,33.75536496316076,57.98081555271671,16.965470936861756,7.580416268822174,22.475897269974023,5.889092160064943,2.6299773713192356,631.8980015466907,22.56778576952467,698.245721598018,3275.112902606491
Nov,29,1,34.722743726384934,72.3571094433309,9.214945885470147,7.0686969922076575,21.265399170933023,1.9252343731335024,0.5386432826688007,283.6172588150114,9.779905476379703,279.63811250415966,1122.0610221436907
Feb,28,5,33.7977160119901,52.229960216166646,15.746149404452721,7.22691281038794,20.55095797154902,9.299532189313997,10.0,685.3757894871725,24.477706767399017,787.8881796708729,3645.802505339938
Jan,31,5,36.65757964733487,64.12459217011894,6.877447302762782,13.516994528115253,17.830903283532717,16.438534809236376,0.8345955370477144,416.33087592117073,13.430028255521636,446.653161858336,1713.9528066480182
May,30,5,29.144677471946647,66.22403544725158,7.634643782512613,6.304404666703941,20.333093411494417,9.531693355674259,9.645167334739948,565.381612511217,18.8460537503739,506.8743259724113,2630.7140923982734
Dec,28,4,20.753574115461177,60.1516002010896,5.224889790892193,6.772461581198376,17.807647003447745,12.57434151773251,4.983846787061831,408.21553793067795,14.57912635466707,384.455767303027,1665.7754703796027
Sep,28,5,29.151362401472955,66.85454231703388,9.123747449137452,15.0,14.892964915509387,19.409255589249554,1.862226108666909,495.3723827878331,17.69187081385118,501.85919458256916,2288.2823559396393
Feb,28,5,33.65281069498426,58.80323509768989,3.228765349048162,8.926229265413216,21.006402828061375,11.616223392480384,1.6103256441975826,350.53539963455364,12.519121415519773,316.0698400837708,1317.1298627960223
Nov,29,6,25.635898221982167,54.211282963504644,8.74876058919603,4.964042535011869,20.25764892584501,6.939151821647911,0.5093343531921657,509.3977681339484,17.565440280480978,590.4265112780898,2327.1678791665863
Nov,31,3,29.206353222798015,81.26580059352757,3.0595352946457206,9.853911848749979,17.93732178468913,7.4897255890566505,3.0295882360751967,262.74115828870873,8.475521235119636,214.36147341980097,933.5945328424522
Oct,30,3,26.887036156489593,74.5874343963373,5.423475568016606,5.997914443757475,15.549631485337699,10.002632832892026,0.4821564481222177,352.07599072647633,11.735866357549211,352.4611050194827,1428.3640987543313
Nov,31,4,36.75913163329409,52.869623059421876,18.0,9.999935317171214,16.827598646842052,7.468421418956302,6.89979154706924,622.7659537725282,20.089224315242845,657.3967763437106,3260.3110337559197
Mar,29,2,33.37255656932954,68.82133166713535,10.178576494051594,7.535882985384501,14.357708830224981,7.767652000746272,3.6606381533444305,412.1382290094601,14.211663069291728,378.85884652285176,1724.8746008357098
Dec,29,6,32.93193279289782,53.087853743586166,9.1526565162879,7.032449131123304,19.890161705235954,13.94101563703796,2.86352079067386,526.7426795236131,18.163540673228038,468.7778537959926,2455.8487258747073
Apr,29,5,32.79720590904437,47.78378427605211,8.647175878909412,11.540162931420682,14.79338206627164,14.104625123088848,3.1819720927162862,526.5831326164051,18.158039055738108,500.31160074738835,2464.1556868362877
Oct,28,4,29.832378363515428,74.40571329678771,11.307299653510157,9.246082975850339,18.573661740293353,3.4124300718053444,3.7804457855202074,461.9920854851093,16.499717338753904,492.2801972889208,2093.4634343688836
Jul,31,2,30.889003271373767,41.55080449223113,9.964541407057109,10.140576762388257,16.312613304440625,6.727321928399121,2.1803961735269337,360.79275289312926,11.638475899778363,322.91664322009905,1563.715247284562
Oct,28,3,24.66666938760457,73.12227096291849,6.743207135054249,8.956823294943883,15.146593110001046,8.14398245234643,2.4504317908103252,363.8236041124012,12.993700146871472,298.7138213125574,1496.6191220165965
Aug,29,3,20.161011095622445,58.967332249123295,6.148642136821023,7.022222047655183,18.476710186557142,12.396355784661008,10.0,433.5610138086436,14.950379786504952,481.0689045664634,1830.8397916799643
Aug,30,4,30.67536508655261,59.46144076303366,6.322798507706691,9.344979724568057,17.332401229375936,14.572302354022625,6.405578976576594,462.31509461563024,15.410503153854341,467.82059309744255,2030.9473922948948
Aug,28,5,31.45795615322465,66.91701463547948,6.028609343012443,10.660273863905815,19.676378210850736,20.807871737095535,4.822288131290043,463.3387937572761,16.547814062759862,505.5125700028868,2010.5987342751469
Oct,29,5,35.4416905579142,68.97438574393102,5.589263414348444,8.296423695738618,15.464789462542587,8.137306814869355,1.8626849410993689,401.81980246957687,13.855855257571616,425.4118987854732,1608.4684499532543
Sep,29,6,37.07101117237065,52.083881878053106,12.648955518979667,11.963613729562313,16.485370709052354,8.337085142631885,0.28117662432023566,597.5710158483171,20.60589709821783,743.0112021046864,2959.8786133912117
Feb,29,6,37.06499318249526,70.61270730500075,8.269251980205208,9.871071847044199,13.224715583018217,12.354280062550856,4.401414731065621,505.5296462311368,17.432056766590925,558.5831448152037,2287.7037074308305
Oct,28,5,25.50889383017755,63.36044645630268,4.5507326989212356,8.466361609497547,13.631306635344155,7.2711331241805635,3.1744762104526627,403.7212149357748,14.418614819134815,349.5699498824092,1545.0979198571997
Jul,28,3,28.41480734272604,46.927342485583544,9.783300723167665,8.553270368239199,21.596384819957024,9.436152554037932,2.402514549495994,406.4832078594341,14.517257423551218,415.07416368865455,1721.792477889753
Apr,28,4,32.161504331466205,59.96150619704313,6.612072898550027,8.301921683728775,22.167196488199338,8.339847564865817,2.748480146398212,403.90084994679125,14.425030355242544,358.4726940744387,1647.8155186862086
Jul,29,3,41.3935710498398,78.57534818670712,12.774841947017254,5.247274671691018,18.185452410447905,1.0,0.8916037276613881,420.88967656925456,14.513437123077743,379.20627765796985,1844.2571120897558
Dec,28,4,36.660446416712624,82.11913757894835,10.5846406874609,7.801841169221069,16.352342468186976,10.492932920606183,1.2025981976018054,425.8399232818184,15.208568688636372,330.6114482601833,1869.4282947231507
Nov,31,5,35.03728722899271,70.60818149130412,7.63005222486803,8.486610267750567,17.403102149019787,9.27055616278884,6.415071998460732,481.92736642348177,15.54604407817683,444.7251213758646,2141.735132155555
Nov,28,3,28.25495420002819,47.71587814197956,18.0,7.084612733213636,19.747148404972727,15.084924201027597,0.17921668014621556,543.3164716748158,19.404159702671993,560.0802066643238,2735.6717945275495
Jun,30,4,26.02560165980194,67.88728282947066,16.89127456895404,8.742889441150329,16.97122196035591,10.02196163014542,5.753485048835292,605.2203359401469,20.174011198004898,575.8170242896912,3143.391476498198
Oct,30,1,33.55008547522458,72.21033084631031,18.0,8.046876478781245,18.475267734083378,4.981010086743311,8.262040949973676,557.9957913052411,18.599859710174705,455.9283771791562,2855.1568077809425
May,29,5,25.047024310945382,70.70849579982466,6.705316307644203,9.702122160417291,17.974487899037502,8.967604508081907,4.329397632364639,480.4355891755255,16.566744454328465,366.09551586688747,2150.540619271731
Sep,31,3,28.92703642058864,71.41945146425502,3.1483838575039798,9.458847238344608,16.862374659834284,1.6356686274534873,4.164454533248328,296.610461794011,9.56807941271003,366.17747108314103,1083.2519015459745
Aug,28,3,29.483499229491347,66.35915695097037,9.96577673974327,8.36773723268665,16.947614508016258,5.15632865920143,1.1915220777604931,366.50037982565124,13.089299279487545,367.3326647668587,1571.0325659959367
Mar,28,4,37.16810440105264,61.13105193403348,9.146999247958107,4.992131639135604,18.58664174337102,12.54202387261199,1.3842063532985571,400.6127940736331,14.307599788344039,341.6710374800524,1660.2310134944307
Apr,29,2,28.40386213668145,54.69959004915178,10.573859806648755,11.939590025098575,16.04622372722512,9.010638240185347,2.0096892576947645,427.9020113407151,14.755241770369485,436.473680144482,1873.8972067948273
Jan,28,4,20.0,39.224773777982044,3.0247149756350975,7.6878398031434845,18.90345869124703,13.690032957992262,0.6939883031902744,289.65011280784023,10.344646885994294,360.49684756673184,1113.6790053652728
Feb,29,5,32.27000091448111,66.0757012005602,8.648054225391867,7.82204980187071,17.056842080701635,2.132430996487809,1.2829915711297137,442.75959158280733,15.267572123545081,460.7622438429068,1880.2131684919655
Jun,29,3,26.85440166103233,64.23263412382626,11.606641953497078,7.246454132861347,18.25473460929646,9.030154410704988,3.1649091198762282,450.0954737768726,15.520533578512849,269.01359254116716,2096.832421635119
Jun,31,1,30.19183960996986,68.6909101138978,4.449369666909406,6.92549435665582,20.76792513233712,8.097950006448858,1.8984180417928906,210.17838648146522,6.779947951015007,274.2403213919153,798.1393934402188
Feb,29,3,29.609828846210444,45.94947568048527,4.302766672219062,11.396927705601152,17.663615909546095,13.823394330452825,3.3985582880482483,306.7804135967023,10.578634951610425,220.75855904428957,1182.529423126092
Jun,31,2,28.768332018820043,69.74020027178072,1.350714589664189,11.049297504849376,19.839608680383986,12.69105107266649,6.397445224061584,248.33590068552488,8.010835505984673,231.7516435971766,820.0925774188509
Aug,31,3,33.55653261803117,86.65454113544932,5.594269990937203,8.977665487870876,14.415934288232343,12.569008600353191,3.3770393473500353,325.19370877348234,10.490119637854269,264.27108719976866,1325.7837239771907
Mar,31,4,23.102108047412816,62.941401569334936,6.610493624681681,7.763499660252404,17.05927397271881,16.165640152336405,4.201220884296998,397.77097156019613,12.831321663232133,343.594456126505,1609.8485788764208
May,28,1,27.67343598770538,61.26001616952151,7.352316053290015,9.362059567030258,18.055377242152147,8.527651562853736,0.4712883722845795,291.79428851012113,10.421224589647183,290.9111027874528,1129.8021964234551
May,31,5,33.07817060902821,65.70802827302842,10.287764872801805,8.16235335989262,21.846661358412916,15.340323341202875,6.313439536495772,553.8789780492433,17.867063808040108,382.60128893326043,2677.984738509009
Jul,30,2,27.236618510950343,86.38804429652406,0.8622755416752889,7.5815095796891825,14.080095833480218,5.823175396481056,0.45465437623012445,152.35891210346,5.078630403448667,144.47709211976823,435.6684052569571
May,31,6,22.760369808285127,49.716226859601306,4.145116978758593,8.743833027313926,17.807580276214445,5.676489000937225,1.7765559225436651,419.11595577582915,13.51986954115578,464.8643546390181,1657.0976130887511
Sep,29,5,33.00849904465531,64.43848320072686,3.627395135199067,7.0294529567200215,20.913377701832527,13.010986285993354,0.9423511625525204,387.75041128009434,13.370703837244632,329.73471308220877,1535.9851550756482
Apr,31,2,35.05392583698693,52.40411093242827,9.9079153525382,8.554981380807552,16.429959189466256,3.9810370463647935,0.28368755594686274,322.2545884585285,10.395309305113821,251.1210587420663,1342.7883435032957
Jun,30,4,29.79752156560647,55.43594334986006,1.0991966961572013,8.449286036367598,17.574322379148658,12.291062513675831,3.2340211307010405,325.2956996092545,10.84318998697515,306.3928760384485,1162.8971113723373
May,28,1,21.176194806887104,61.40491630541673,1.9889433055966315,9.326459246767435,18.663477970111078,10.405252774885305,4.489742370870742,174.95552252585085,6.2484115187803875,160.26198904088207,500.13020987283653
Mar,29,1,33.17686386014467,78.1678788993627,11.45539882370617,6.637898693553661,18.36901710744556,14.28741091461949,8.415680995860708,444.0056495300957,15.310539638968818,391.8884452588234,2011.0792186108076
Sep,28,6,22.530504533611403,83.61188720826485,3.4143091301965813,9.56229997632839,21.13154095090883,9.762224140180443,3.6240875503028405,437.996616635389,15.64273630840675,352.81284907488424,1742.4017977715582
Mar,31,5,31.389596745816746,67.37770573552048,14.135095480878556,6.006114715508889,18.896947620146463,10.224195785182108,1.2749011329492785,550.196212991661,17.74826493521487,565.323305225589,2722.4695059708692
Apr,29,1,26.00641278866028,57.480863323718175,8.28408485349962,6.740353366433275,20.655545791028437,12.037059971699623,1.8563843694866042,275.5508725766539,9.501754226781168,285.85213707239325,1106.545039810872
Oct,28,2,24.780723214048656,91.91286639966222,4.334299495818004,6.836364869879363,17.279983285380176,7.349401799760886,0.3529119473633036,203.1482415554898,7.255294341267493,166.87935806412608,732.9660832473659
Dec,30,2,28.011404923141395,56.869346224045756,10.254271198644751,5.641486100777907,16.518949177499408,7.175174770039115,2.0441018310713472,310.22877273433716,10.340959091144573,260.42372300171115,1332.6258755967938
Sep,29,3,29.17516099607733,55.14636902768315,4.6299400803250155,10.234457023448458,17.548553613960728,11.897717759373677,2.8280910486686572,305.76678547393163,10.54368225772178,298.96162742748186,1176.6653473182255
Nov,28,2,27.101062873260982,40.70068346505528,8.86911167433671,5.868084552382445,15.681793813264797,9.882848763477451,4.3426131369656265,368.51894108071224,13.16139075288258,307.54884006800614,1522.289530371818
Nov,31,2,32.64916475196818,78.75309883093692,4.830053357534978,6.4623840577053215,18.96702339242019,8.370744330782879,5.284668877837419,272.1442274097528,8.778846045475897,267.5792958556692,1011.1939568636091
Jun,31,4,27.992687796935247,73.61894710845553,10.664834379408724,10.761896963070612,17.22824377448951,9.66886360120933,4.231250194636719,447.7144490529841,14.442401582354325,515.2504046475179,2059.7788439904343
Oct,30,2,34.4108589225232,91.01366643339735,4.302756806777811,6.744718055921969,16.65642220004505,16.37823803135332,1.139050292661935,233.14131970196726,7.771377323398909,222.00253886343026,814.708182567115
Apr,30,6,31.265279245395657,45.32571977338249,2.871858151980398,7.5860860926961875,18.997316819242002,8.22792637304043,0.821706328748308,377.8528364735677,12.595094549118924,303.12483272702855,1467.4607999016325
Jun,29,5,26.860992570316615,79.49804968974931,2.319727697827092,5.773536197983621,15.712568444051422,8.111921546871937,4.998728558907768,356.45205784982966,12.29145027068378,360.36356834219526,1372.0294005700293
Jul,30,5,26.103270522754713,62.84162622039353,3.250552709741234,9.832492656769906,19.541004427711588,3.17022310135002,0.2687828072054209,342.2613425494902,11.40871141831634,320.6663238368761,1260.9372482728895
Dec,30,2,22.586266654286526,71.67320260160163,6.783041288398479,9.862819737220343,17.043325223017277,9.83058824737154,10.0,413.28007034543396,13.776002344847798,388.6814690993712,1689.1518417506352
Nov,28,5,31.3082993004007,42.22667430674635,6.225351523893627,9.625680989071583,20.318192888188367,12.627534044961568,1.3994629249646555,459.5253076565414,16.411618130590764,469.53927097173585,1962.3579696469167
Jun,28,6,28.40435603736889,79.61698187198357,8.940324141694024,9.182565622026676,17.214524843540865,13.344792462723472,6.969135707292811,618.7511272442175,22.09825454443634,649.5865045062595,2994.051670511147
Aug,29,2,20.0,71.43820101598196,11.716214804231136,8.161896044242848,19.263819333115848,10.432870406522131,1.6634877386618858,352.69655447601525,12.161950154345353,340.216486184028,1513.778893090205
Mar,29,5,27.5892830725377,61.53307958256539,1.0748455544164224,6.846371332736434,18.359124747545813,13.823334292323533,4.572716072904473,335.81664791961526,11.579884411021215,319.73491213106905,1254.438574990647
Oct,28,3,25.945346868352715,69.74135225193345,12.678425201531432,6.207067525334754,19.487803747428973,12.924921607520968,0.8557235795945936,461.0926873144055,16.46759597551448,566.3418856813587,2099.2855106133215
Jul,28,5,37.09054916476797,52.81405638749301,9.513640517806033,10.837792158875676,18.219893784295255,14.45180091876905,2.974184469620067,494.6029993275855,17.664392833128055,552.0125684873381,2322.4863071655323
Jul,31,3,22.337496246480107,55.04671897301961,16.38930481764483,9.682569397798497,14.673205175313512,13.937210621910246,0.3873123073894838,529.8813692011936,17.09294739358689,566.1045870163982,2676.536829416754
Oct,29,5,23.513921401196757,56.43866463649525,2.862832459472471,6.474730700159066,20.017587078484265,16.279912784429005,3.782003174336399,393.2920610361571,13.56179520814335,384.26867198851556,1577.8269495278107
Aug,30,1,34.99486339397565,39.767265659716664,4.249682597494749,8.087629890090895,17.824634155084187,9.321227333735001,0.8388946292741782,243.0537054797313,8.10179018265771,201.55310662863369,852.995766219449
Jan,30,3,36.10543420858784,72.3411019304404,12.62371070103088,7.339746795432971,19.579032154709626,4.6917678305539665,0.9948381614233686,458.8655638718221,15.295518795727402,507.7623839757415,2135.7827409734446
Apr,30,2,26.647576775734613,76.2991233701908,7.987237498272265,5.517936447447349,19.380492953737715,12.65487497474168,1.949321345143792,351.88247428866566,11.72941580962219,344.4078708955452,1414.639004289816
Mar,30,2,27.1556137973599,53.5838702028339,2.0365924256232772,8.390833028566865,16.453407037977318,13.122212757291106,2.3333148837540727,215.39431840619653,7.1798106135398845,190.6170852460593,677.6976353107815
Sep,29,2,32.77305928448991,66.17843619133782,4.174936164756519,7.0859161386737695,16.170409189649405,16.27998157352456,4.347783161641397,283.09269506048884,9.76181707105134,262.82092004110115,1095.1335750791507
Jan,31,3,20.0,58.813514304449164,9.408783313875551,5.904419334149491,19.310710202898008,15.125161424678824,4.0132192370030575,411.4189245532729,13.2715782113959,343.28641456904535,1788.8858348495971
Mar,29,1,21.624628419725,65.93928754497236,7.021315579440432,4.745908380888124,17.39350194117897,17.78188982345826,3.2403889031065973,244.1723965769933,8.419737812999768,267.9676743454347,978.7034126187691
Aug,31,5,28.736699696171797,54.46907310546765,4.197546994104293,4.559632299547523,19.872858558932993,12.479415921306131,5.739886451053197,455.63650446665713,14.697951756988939,477.8692060547034,1875.5635180590752
Sep,29,4,36.97450754758107,51.39889812694837,12.421392762627182,7.182862519071793,17.643598114273953,10.915242367754512,3.9245360691936755,525.9483331880277,18.13614942027682,517.3292076116843,2571.5698070380517
Jul,28,5,28.039214603249672,74.62489863228491,6.524471284805641,7.812791065065186,20.046819554896576,4.4600675146970135,4.152401664208096,431.89895549800235,15.424962696357227,412.2207214853944,1780.1110603318446
Nov,31,5,30.454215562808194,61.23355297850609,2.775295119323138,6.074338217642905,18.846608968418202,11.232386138056322,0.9851254819359174,378.5559072919414,12.211480880385206,329.9164118292126,1394.4527221605258
Dec,28,1,35.10205172653805,86.26530741024172,13.470481357379159,9.431626740845902,18.575949987428295,7.789986572514728,6.074108315724542,408.9193124493122,14.604261158904007,279.3289206274727,1833.2872656958345
Feb,31,1,39.48098129975166,62.55571957752968,15.247842573392614,7.8557976080774825,17.25197760251945,10.846040053729883,5.526563778723207,403.3676625229024,13.011860081383947,313.14218347119004,1874.3616113838214
Dec,28,3,27.404181870832595,50.8870635157941,5.401810219067688,9.26914768331703,18.46485522812303,10.218052745238625,3.3712901703742224,365.25937791692763,13.044977782747415,315.38544008590674,1436.6615080412373
Aug,28,3,29.924234743199584,76.72329051723126,9.413050717106943,7.597596261587043,20.385705429905418,11.88693435540054,5.376037599756785,402.1919645618858,14.363998734353064,339.4155785283271,1716.7762572450445
Aug,30,2,38.19924849604279,69.56960196975224,18.0,6.2683412025443666,17.89156908267336,9.610677161845958,2.783099885715546,502.8239928808584,16.760799762695278,501.62570357037737,2577.365976266586
Feb,31,5,23.15010326163857,70.72247436435708,2.2092817104793783,8.25105865650495,19.062348887367712,13.740080762930338,8.722806261201772,429.7582285377654,13.86316866250856,457.90489408884656,1760.70755307959
Aug,29,4,34.6241148174922,76.28720814641503,7.586398993935921,5.22211607355969,18.09272015249941,1.0,3.1204990340084144,399.04859437507764,13.760296357761298,376.42369693061266,1597.1467529127017
Sep,28,5,25.417580104374338,54.16644447385047,4.521485049125469,9.186764745400625,18.249208085490842,10.759974300631377,2.702754965831069,423.05097109598404,15.108963253428001,483.61461033971574,1766.0729515958678
Jul,28,1,30.461125651964206,60.47296029217655,9.59340587563044,5.938271745671106,21.446821513876596,14.809959116610248,3.947352680811706,356.0425029008177,12.715803675029203,305.5639705171793,1553.920631546073
Feb,31,5,28.908214286698765,59.94260202214648,3.216739472215619,10.020111558373587,20.403460062079102,17.48019403382486,10.0,483.9802277240955,15.612265410454695,456.09337098420053,2063.0325229969276
Jul,30,2,25.688947796844467,46.511041557012575,8.913981926776925,7.255397358267787,18.158807630391436,12.92784535354025,1.7144876684077917,323.18168578660897,10.772722859553632,308.1122624233277,1283.7695916540306
Dec,28,3,25.576041325537762,58.83691819810108,3.5448361903298067,10.337573735881818,18.428908175872067,16.739532090330155,3.7439937789326754,332.60477346893856,11.87874190960495,366.5252127736007,1200.7689197039876
Sep,29,3,31.243864639141897,78.03655349452188,2.848060268427721,5.5302289851057065,16.59625899289806,10.67574398303497,1.8375871526259764,227.00175121728228,7.827646593699389,221.04643306690352,753.9879227630581
Feb,29,5,34.47992697673207,64.84805724552616,8.781580990606278,6.5089066583965955,17.654056907470093,10.011450303708251,2.69980344686694,506.97537909770796,17.481909624058893,495.4994635759906,2415.172522958386
Dec,28,2,29.416187085651735,45.847264065860145,3.4809512193769225,8.838056883066855,18.61879557509723,12.117662572911007,1.2692346596731834,209.84890238069568,7.494603656453417,156.31023481690156,707.0047668200222
Dec,31,2,30.315509214299475,43.32992706002078,6.2927844027944975,10.57509360553886,19.701227179138257,9.98722286843574,4.066621833533083,318.38007795480064,10.27032509531615,268.3982669666347,1241.5157528836608
Mar,30,3,32.57028329830971,81.97731270497925,8.973447595152725,11.666539598292829,19.498441793821836,6.8705701279305575,2.9091164640441343,370.00489399031795,12.333496466343933,407.92069986093514,1526.0952457384624
Oct,28,3,25.62771552144168,60.91617187693844,1.164119031243323,8.091005560097921,15.78148188819098,7.939039023472402,5.2904988239714985,251.73122435437952,8.990400869799268,173.7462770141422,792.9156843274615
May,30,2,33.328616287858154,54.231077531580596,6.15146193407674,12.043040387730862,19.953965461357264,5.551388375695371,6.424212283365754,345.3336991949989,11.511123306499965,391.8118319124234,1404.166860906601
Aug,29,2,33.68704393676886,58.71209882123596,8.230060860859824,7.362737990384053,17.822452641244894,12.113508379460978,7.154008870541386,369.99966607466234,12.758609174988356,379.23351965979197,1522.4135332960411
Jun,28,2,41.716318344376845,44.27230694819201,17.642308763016153,10.417288769198539,16.026017288644923,10.045567250001909,1.9057236946072291,530.6108730688925,18.95038832388902,457.8228553376444,2758.5302494672696
Oct,29,3,28.30753114248188,79.07714179413944,8.655514946077059,5.927201806689528,20.67276947486384,8.558855532967609,3.9535655425035974,401.5405341826309,13.846225316642444,342.0457320564755,1699.5006409744883
Dec,28,3,27.938631892493426,57.28336474896764,2.648301516204409,8.92444111509916,20.926557993475907,7.733264972650839,7.492012788368857,319.56312822767393,11.412968865274069,385.5446659564841,1200.643120509025
Oct,28,3,33.460346422081855,78.40881833286106,7.120087404558001,2.8482753101158194,18.52749396468132,12.020225384798506,1.2595267949758098,330.65351253479844,11.809054019099944,378.0965894115825,1312.1982790645666
Dec,31,5,33.68596876010462,62.61982057336778,10.0237195363701,5.532499774363128,19.41758720381047,13.121792722440281,3.1756014841524007,531.7273785536871,17.152496082377002,502.2019927266566,2507.284667554135
Dec,30,2,27.592107809804794,79.15438369482128,4.4469649807601845,9.026688955777683,19.534898417488865,5.477944013979269,1.3469006342101835,276.2463110053703,9.208210366845675,270.02991950305227,997.3980567604061
Feb,28,6,28.18576795381478,65.08033398851703,2.8800810903060983,5.112634525158848,20.7915443056245,4.849261320897529,9.945819717286787,440.4800470123335,15.731430250440482,385.8589456216476,1738.6144695644398
Apr,31,5,32.435088771981185,72.2387919544289,6.860399274820084,8.939289143736206,19.45613705086345,13.81803982248406,7.429696934151108,481.37047664818937,15.528079891877077,470.5501911768516,2181.6357200927646
Sep,30,2,26.275870916694025,70.62911655306004,6.948987421404791,9.9942078657872,15.344623445122863,4.499467046045617,4.499586655078709,334.718296773672,11.157276559122401,292.0057385751619,1332.4113553320026
Aug,31,2,28.152597053932432,69.47949279502365,2.4262875931870598,6.8970955760197885,22.019615497942254,12.189947335289938,4.444872352211242,267.6284877776212,8.633177025084555,254.19070266443816,976.751082296071
Jan,30,2,30.403167453157955,66.17521372619252,8.305335133394093,5.868303497516765,20.131313778960084,16.467636795016052,1.4787925261885775,309.53370340950977,10.317790113650325,369.99888972338016,1272.1286793181612
Feb,29,2,34.481724081700165,59.20579140661298,9.0371700896902,6.956789445119575,16.98095158945447,16.47693921357254,8.0744664218924,430.6326526647114,14.84940181602453,408.0546575933807,1859.3994154165284
Jul,30,3,27.279306227192066,84.98521629887432,8.228844090695286,5.875212897794792,15.94074985528518,12.951490362528366,2.2381456064871963,347.04861724923296,11.568287241641098,285.8837817426799,1390.0405610219052
Aug,30,1,21.709269920861978,51.116756178849194,5.068642519365106,7.777330172364981,19.00962686080817,12.835238061288482,1.6243837503370993,266.529744947382,8.8843248315794,208.52531200063999,1010.600741336411
Mar,30,1,21.37531139616805,62.051691708117914,16.012802642975398,8.22459937475378,17.443479923264842,19.00762980078582,6.683890930670209,504.08007739870527,16.80266924662351,492.24695306899184,2499.3595954676152
Mar,28,3,24.332641199822397,62.178630502491146,6.852603094013414,7.326777729187021,18.659990707997917,1.0,2.0523062734963933,302.67212176461925,10.809718634450688,260.6260092834369,1222.8588037663112
Feb,29,5,24.09074526810028,66.82928904012226,8.887004328559625,11.683590328411007,19.486813682556527,8.14265729567746,1.6898137197260445,462.3184790573139,15.94201651921772,458.64693453419704,2040.745544828015
Jul,28,2,29.30425158621041,56.84632824926599,8.000283793881,6.417311596688654,16.86711622400641,13.393967396306406,5.523087045085842,346.66977192893114,12.381063283176113,259.81672122047456,1432.5838232619171
Jan,29,6,24.650039308810776,65.77695566707506,4.65033993091459,11.061152994361688,15.767784014631324,8.650851968632171,0.9031159257546177,429.02475660245267,14.793957124222505,450.3612378159142,1815.173547560459
Jul,28,3,26.837602680804583,59.97388897756441,6.416820756084718,5.70927368011335,18.771636935743956,14.959113234428138,4.5423641916319815,363.42449180933113,12.97944613604754,298.7998277674458,1458.978250828538
Jun,28,6,26.516613517580776,43.01656979074521,3.2805669959296555,8.160110653871408,16.933224289446052,9.842583758759229,3.205596265807052,390.5323770565327,13.947584894876169,377.26155720745305,1526.2176843740992
Jun,31,2,28.01771462618403,62.114627435082156,15.255314248754457,10.602831898805753,18.292191571464798,10.526975441350391,5.181799324693174,462.89860570272515,14.932213087184682,424.024650079114,2261.6091679124943
Sep,28,4,35.95126949185405,48.79321600363818,11.569352068297928,10.4889857349573,15.31334712607547,8.90130134301625,4.163902238697227,509.7289368507336,18.204604887526198,603.208414625702,2483.8789904476084
Jul,31,5,32.97876415243732,41.18737085061319,4.819508893628134,7.075432625059483,17.495634551050724,7.909956164767757,10.0,474.36256977327236,15.302018379782979,465.9633128318637,2068.0126248928773
Sep,28,1,30.07258236874202,63.64247984827262,13.064473393068972,9.22115338415696,19.429903782079993,7.811560147409392,3.454609661482094,394.929132602156,14.104611878648429,479.0140286642638,1761.780238590996
Oct,31,6,27.92538173738623,67.85460010423479,4.83600457052627,8.926593984061297,19.211865015293593,11.084665187347106,2.0466085713665736,451.43837377714596,14.562528186359547,466.2891216610296,1909.7250071470125
Dec,29,3,28.050453045196406,68.32037650525491,9.761723528466494,6.8121338070959725,16.42328405825346,6.901740136708533,2.922870792245375,381.172854530595,13.143891535537758,436.55832610481735,1583.34067559145
Oct,30,3,31.474859114783772,68.80604848423633,2.1627926647992055,9.355089861725764,15.663471261363897,13.81281953396515,4.129050433566294,295.0758685154696,9.835862283848988,275.2633632012378,1013.905455109561
Jul,29,4,32.628760830085305,38.80893174871267,13.300355466316304,12.09748277851522,18.031527379503583,12.612903698411294,9.555923940655457,661.4870066765478,22.809896781949924,664.7384775501323,3467.278731178073
Jun,29,4,25.915721222547297,45.66779686511036,7.188730907137215,9.037741463137788,19.12206559403882,14.397665763879361,4.769650892544224,465.73099722506447,16.059689559484983,520.8845695529068,2012.5912615665009
Mar,29,1,30.16416340026404,85.68225724176405,2.6616843766126568,9.245984033955477,18.8103502803851,5.484302576028005,1.402020956374152,171.9507143682605,5.929334978215879,185.30179204590996,584.5010852898544
Aug,30,6,20.85771194101638,49.43349487907557,7.099654027667507,9.478740952041557,16.97568031127738,3.2020938128542245,10.0,534.8608311623012,17.828694372076708,550.3873737102903,2501.57551504995
Feb,29,4,30.952712028767685,69.33009237364027,14.923667640982858,4.785851463818691,18.59564888497321,9.983256977472946,6.2299664896405975,496.933412217662,17.135634904057312,455.87104492146506,2456.0320733134236
Dec,30,6,33.42967158881409,53.75674854000985,5.763187532557686,9.012494281053836,21.004710942551988,21.595202454238084,1.3221956055399087,503.59495461194894,16.786498487064964,473.0564810725058,2239.94979404625
Nov,31,3,28.73969117903606,62.95607287121077,3.325234234533595,5.7631289353552395,18.410289374618056,15.064835112378283,0.9928365950109171,296.67438477366693,9.570141444311837,328.6843801271238,1066.124298861392
Feb,29,4,38.17437148263048,54.40094957271687,10.318068559556691,6.702248730464841,14.73370412836276,7.782214765973148,0.8036073458870483,411.74774932585035,14.19819825261553,467.32070992233076,1793.633025668064
Oct,29,3,26.034426986537774,68.73849385543573,5.609688537295085,12.756271918614708,18.406400676201283,11.698048537725365,2.7964555929059296,315.28436200459504,10.871874551882588,278.3733423679694,1213.3168519432472
Feb,28,6,30.978481868864677,63.641289407800386,10.88644931224528,7.442824458750618,22.087913942425217,12.910347629774733,2.896181108917472,537.7791396245433,19.20639784373369,464.27082606839724,2535.779052447697
Sep,29,5,29.8387886400032,56.62052271626919,7.474248988148848,6.3716169705527,15.425218373768809,4.526447037068555,1.5902060313042383,429.66138098762633,14.815909689228494,361.97364737957304,1895.1176707290113
Feb,28,6,29.548660496504663,49.39793456383148,4.592929185899112,10.535681673583063,18.059449323658043,15.47850347613842,0.6763832610794636,434.7902895405302,15.528224626447507,464.29562818179414,1761.361152060791
Jun,28,4,29.485550243978636,65.21329036991013,6.617778844034807,5.915110593746771,17.54732913393573,9.330303492716236,1.0164316640214441,384.208672609024,13.721738307465143,322.41571832617814,1510.8213473927003
Aug,31,5,30.481972635042624,47.44737441148892,16.140527657464414,7.01567788278271,18.19176591855013,9.637276621568558,4.8432022435859725,625.9002621336954,20.190331036570818,667.3902158479013,3281.98198546112
Sep,28,3,33.81581434558665,67.12977250545006,11.069228625510059,10.747914769569567,18.388504306307542,10.095138637735422,2.271919346274248,459.32628199408316,16.404510071217256,473.53771984968034,2132.5563476946763
Jun,29,3,36.19981306323635,93.51781890844279,9.318017715059137,8.09408864367751,20.27994397212585,14.57816055723158,1.1413693024396503,405.4602332835682,13.981387354605799,360.5101253231479,1641.741754166525
Dec,31,5,29.989873899731293,78.20204061514414,4.48920488850873,4.564486500721635,18.16956657280162,6.979271367194368,3.196415269255747,406.0850062984496,13.099516332208053,472.3993825574851,1657.61374742539
Oct,31,1,33.668922324772346,70.62017464272995,8.90677484351621,9.196777151509762,20.554519114424096,3.172119980862191,3.708767707562084,261.57672463479366,8.437958859186892,201.38957920201,1045.5397992076716
Mar,28,5,26.84204874179948,60.97271242710623,10.116752810626991,7.12777505949768,17.764688682427035,11.291821171600178,4.036163783533127,478.8425298164081,17.101518922014574,562.9939511133065,2199.5815842052043
Sep,28,1,33.44679953726805,38.7349684759577,5.392622047084811,11.38767327036654,17.299726452050734,1.8253676553074847,3.098033900545837,232.98687860054883,8.320959950019601,233.32591233477845,827.6066248227871
Sep,29,4,26.571038142778544,46.13256324919779,9.194510965284332,6.666388715204906,16.661634033922788,8.795585619457839,2.716794753744797,456.8128528635563,15.752167340122632,315.4061481277721,2107.9507173250718
May,30,3,34.90796971239659,77.39351427323257,8.338150641324178,10.312697142197038,14.365825941759695,14.747497159435273,7.091914577540413,480.2343386680268,16.007811288934228,560.4067494605316,2176.9536520328315
Sep,31,3,39.94788394826958,52.522927038502644,12.428356826804011,11.906535671204571,18.55156282385168,12.316375614034953,1.0614324069547996,451.2110611589282,14.55519552125575,490.19011335371147,2073.0697303440434
Nov,28,3,29.450622504128738,53.60897482203144,18.0,6.127924907614545,22.108000576943684,14.169424262901103,2.4212269740633703,547.0275076933821,19.536696703335075,494.69474329310594,2785.9351022039873
Oct,28,3,20.13355429136666,60.012194291791744,8.565658662757903,7.574931354331976,18.91647095457172,12.481405460811317,0.3370978659428509,317.70288678422526,11.346531670865188,265.1504852056071,1299.0777823857693
Oct,29,3,27.533671800398295,49.25544489384134,3.570459392981759,8.854975603117792,19.37349470832336,19.641337955133633,2.15199675315569,334.0436552522983,11.518746732837872,252.54412628414892,1265.1858588514897
Aug,31,3,35.54343810430186,47.27877518538037,11.054404470921789,6.113839344380816,17.17393734997109,7.647041489372739,3.383214562512283,411.5107291358087,13.274539649542215,524.2679614309112,1829.0235113577012
Apr,28,4,32.4888455416136,61.39431112662294,12.203407700350132,8.594648882757227,17.51133321745266,11.592526708033294,5.482340211099039,598.1162686088836,21.36129530746013,502.3939541248095,2988.439663454928
Oct,29,5,31.120111194037634,51.30164654393556,9.414629931026676,7.505175367486817,19.969282976666523,8.247518115149399,0.35243036929043764,441.80216911358417,15.234557555640833,351.5567805663547,1900.5723952340943
May,28,4,34.539007601796776,53.10777704265326,3.784471041030663,7.460851342494596,22.01738728057964,13.827205079659484,3.302391777537637,413.082571667475,14.752948988124107,410.94672251588554,1622.2829843426211
Jul,28,4,32.1800404766179,52.62570768623593,6.823712342744094,8.107664463957846,20.97589587159364,9.753700495798016,10.0,493.36745278657764,17.6202661709492,368.58192208299243,2229.299152152337
Apr,31,6,35.47976334353012,68.26832256601362,11.232704655762745,8.156782374272842,19.610489259456045,16.87537951777618,4.275109278239523,565.3001753768182,18.235489528284457,470.55513573014485,2763.516282113606
Apr,28,6,34.137406544911435,59.21449171405571,9.878466229425845,8.360537691967288,18.070301158781017,7.876736178392094,0.8642190616806342,519.6585179771309,18.559232784897535,566.0879254511884,2465.673651584507
Feb,29,1,36.847652037316315,59.857136385273755,8.600351276916703,6.682582039995075,18.419437828534647,15.628506102867938,2.1555319399158805,322.6640883096379,11.126347872746136,329.22945626419147,1326.5869137234943
Dec,31,5,31.614582377578145,69.1633507677066,9.862748438504845,6.778622206430542,16.492985361143493,12.372558122175883,4.383707906056036,501.3276881022282,16.17186090652349,456.0938459512606,2342.3396908321306
Feb,30,2,34.0736673067228,60.29552470120472,14.344737680393663,7.739107304585373,15.103664957394686,9.870155723652077,1.6614778502124512,450.9605566441372,15.032018554804575,433.9953607423785,2174.1202474263982
Feb,28,2,28.617928171113967,58.660954778513926,1.2037668597675324,7.901533189281251,15.746403284480119,12.169769351439697,3.6179181711432227,239.34890514035976,8.548175183584277,216.00732012991347,724.6584487743295
Dec,29,5,27.29342634798447,67.64540426684205,1.0881052151526167,7.034531452117443,18.099600069043873,11.04505755011677,3.4501931164216826,356.1801856364675,12.282075366774741,339.0622673484934,1275.3624282090998
Jul,31,1,37.68045438188538,70.01837412269157,12.50560825188417,8.71266721258924,17.416015477146644,11.42381872100724,2.76191884069227,375.8412090295241,12.123909968694326,323.58594622876564,1713.733821305686
Jun,29,6,30.972921043452097,60.23511800589675,9.912114308516008,4.007524152914566,15.06111659056063,9.172515707622436,0.7651445373372588,467.35133460759295,16.11556326233079,413.4044505748064,2185.3261806957807
Sep,30,5,33.62196254638071,62.96729330744626,5.909551153786977,6.392974230400306,17.925353241900527,7.193645969780034,1.4960702871887401,397.3911811737782,13.246372705792606,349.94738009532335,1677.334073630759
May,30,6,30.556830064851255,52.61851724320006,1.0427959766833714,7.38415878235372,17.36313935106811,8.659715520149877,10.0,447.63818715866387,14.921272905288795,387.4926650112773,1793.9101261018238
Feb,30,5,27.36067957086016,51.671803482025695,5.36390021794767,6.116546588532669,15.65430228943184,3.2674200882071096,2.031050868013547,335.49904133048244,11.183301377682747,367.60912768643334,1327.3107857847158
Sep,28,6,30.049423016620807,71.22977002360169,7.091249514638806,11.58423563257956,17.25964197875986,13.367793330130503,2.25825832723364,499.78997628511183,17.849642010182567,529.8349811355316,2283.1308136773623
Mar,31,1,36.46197307995472,67.33930475053546,8.837502822357061,8.041496062794893,17.358093998567313,5.059344111298081,2.247765756747825,289.0801723355076,9.325166849532502,242.47835998233944,1241.6412645195835
Jul,31,6,32.49858033425741,67.46358126099891,12.385287151205238,8.388893292096988,16.766725720151065,9.129411779057202,5.381940479718417,571.4719942681505,18.43458046026292,459.8799761638702,2865.3869029528555
Dec,28,1,22.298370781212935,65.37025218470626,6.755907567808342,6.936892442475987,19.85334032955188,12.592180165924132,2.3577846402011833,262.0423051404632,9.358653755016544,246.2029055004536,1042.354107508962
Dec,31,2,29.031399945407305,62.55443930977944,3.08280152897896,7.965286375179486,14.194196875813375,13.357586868399645,2.8150309700029497,236.17248779107788,7.618467348099286,292.8981406985637,837.06623209289
May,31,1,38.02032206717121,70.35694268987324,8.966933361659905,5.326442378533985,14.028402018578058,2.9013922526510454,3.3039837548428266,333.955638623172,10.772762536231355,275.9803798880562,1416.4021516641471
Oct,30,3,29.037914121675197,73.2213051322734,5.450915083533927,7.626402520590839,18.006571568898185,9.632607699099689,5.83693358289088,364.219810544902,12.140660351496733,342.0172729555869,1407.8884032163294
Aug,29,5,21.897845887196187,72.93473606228777,4.089327953026674,5.938581457089337,18.19225437878461,11.838978797795289,2.8260221133269323,413.2796705354832,14.251023121913214,401.5151083496948,1634.0118527055952
Jun,29,2,38.51871998440144,60.790665008648155,6.977316737413962,7.389712113536443,18.808430272037945,10.208064437049307,3.0867991835259905,315.674823367819,10.885338736821344,298.5894025498464,1238.7027974273622
Feb,31,5,33.070766294157565,78.64391275890605,8.497759733015764,2.3681835541345055,16.922052983441812,15.37629983069418,1.738016574985885,402.1179243478022,12.971545946703298,362.08013491410503,1649.4760238946965
May,28,4,29.6849421353424,64.74152818078785,3.425283688611132,5.518392941424244,16.164152389815335,6.71277240034159,3.684826892778147,344.27839546784065,12.295656980994309,382.20423997964934,1240.1878957906847
Aug,31,4,28.32862018763069,69.58851431078958,3.9133606361013955,11.220638089931533,17.985367734610104,1.803835479239213,4.548055470011792,340.34593151189983,10.978901016512898,346.83960288813347,1286.1499392920675
Dec,31,6,34.87058368406281,65.38505469001856,5.600809697500012,9.826875048036593,17.11684372930401,13.241304067074084,4.7900762120597955,479.8739933493515,15.479806237075856,513.4434307945972,2099.870357173646
Jan,30,3,27.561074698982132,64.96408048981009,14.500943682754906,10.901886539013509,21.10214280931139,7.85165552152605,10.0,549.7356302361117,18.324521007870388,569.8666155768525,2762.0334165345953
Sep,29,3,35.16715391032195,53.170976116996165,11.836986864797103,11.052986793276032,17.351545500149616,2.965837609656008,1.395256680262189,428.03808604451194,14.759934001534894,460.6602733322414,1937.708861773123
Nov,30,6,32.43987878575915,70.41621006013791,18.0,9.48057233316185,17.893629696565846,9.365950437734105,2.924432692776557,712.9614731488655,23.765382438295514,831.2936553994805,3877.2415593640562
Dec,28,4,31.101068664693074,95.0,5.06809906402405,7.003688892165903,22.950836279195883,14.922231903726805,2.371315201818748,400.0301445440837,14.286790876574418,453.24844111807323,1571.723438448296
Jun,31,4,30.65481662401018,57.502459102519,9.003154856739307,5.71804791821563,17.610479546538627,4.946989528749207,8.87068403274977,519.6980494429071,16.76445320783571,655.9756182732795,2412.3465308852587
Feb,29,2,29.2126438347862,62.85193658509938,6.4282498202443055,10.522838131989333,19.11231373039818,19.34398381578907,4.929727109135606,396.817067029791,13.683347138958311,443.742417940697,1632.796079843589
Apr,28,2,34.7053805409417,56.64553682783285,6.477857853192299,8.14204954365226,19.292618866772706,6.648473621853352,0.5301610839292619,229.73483532413667,8.204815547290595,200.55206006587449,857.6708620858211
Nov,31,2,26.105957255541746,56.143761181256785,4.263208290178997,13.486850196040194,19.46280328743643,10.348043416503,1.6031890762315617,244.9417612750081,7.901347137903487,262.12456432703533,873.7380899939831
Nov,30,2,22.70133692926406,80.53339373742408,8.20944992975444,7.196784452776341,18.578974530822506,5.123470328609566,2.131115715248056,275.84701544136794,9.194900514712264,290.28941991608235,1109.9862365260747
Aug,30,2,32.76498055301614,53.92434778727042,4.124035748458834,12.340370880517057,18.38768158882102,10.166441394784057,0.6297926492630413,272.42490055443375,9.080830018481125,329.5356038493548,977.72461725065
Feb,28,5,32.840572476302164,56.311034319603664,12.695408275299753,7.655058060469338,18.200668579674232,9.465008712965293,3.109178969261912,528.68562107713,18.881629324183216,441.0662320950696,2543.5229708332445
Feb,31,1,32.16108518630295,42.95008611522438,7.564985868923913,10.93930691396914,16.848012195532455,4.0420243906756514,1.8090592466988238,257.820418847709,8.316787704764806,266.2082556889643,1007.9136557025532
Jun,30,4,31.834777663281173,52.90865930549303,11.062169387667424,11.732721821911401,18.651037605678535,21.30330787580364,10.0,572.550308033365,19.085010267778834,498.95518107249785,2809.502196284201
Aug,31,6,28.557568297481033,41.49920128455983,7.076432444729676,5.749510158002432,22.057291674849182,8.018651323925221,3.6613361593468583,501.3500990076426,16.172583838956214,514.70148507658,2303.952571866078
Jan,31,5,33.54367216973486,69.58165639054315,3.6943516513781707,6.933004227760089,20.421363817927116,8.022149770775886,2.057659235562508,336.0235057868018,10.83946792860651,313.2017750330031,1290.7325038728961
Sep,28,3,29.794988429604565,95.0,5.300718302024846,5.727445703463232,18.60783604444927,13.876143517414619,1.1346505614627784,280.6629160158574,10.023675571994906,286.9303840291937,1113.595358850115
Jul,28,1,27.8079889763317,57.599854476193734,10.862651306021242,5.294122125831908,19.71165959621198,17.257019533393876,2.7200299843473363,351.128749245162,12.5403124730415,272.7062624474656,1537.2116916499606
Jan,31,6,28.5964890948507,41.99890480411715,5.987580003922874,9.46754707115489,16.261648182538696,14.505747472017212,8.337021465575454,560.1515861584011,18.069406005109713,595.508042049495,2692.921738958424
Feb,30,1,39.09287864449124,72.7999959731568,11.767848339719482,7.567417585452152,17.478975691600564,5.1952795078936544,2.3948978814028283,344.14702110146806,11.471567370048936,339.6000601391275,1522.687269999221
Jun,29,5,22.192607630795553,53.27690049283812,5.983326311555162,8.1152059110183,19.89569968836811,10.855636037978652,2.740172541544337,408.9872683420382,14.103009253173731,400.7196212353659,1681.4416437659938
Sep,29,5,32.24904646933109,77.59216316664248,2.5027416609327315,9.223726096941217,20.974334386916382,2.4745100704600214,6.436512156579449,339.78321964562724,11.716662746400939,412.3370214594008,1242.4480529535556
Oct,30,2,22.444003075693274,58.615651426520664,11.616269738013358,3.913748965827187,16.458267655809244,13.606820325289426,3.5783630340347017,421.84343404571547,14.06144780152385,383.9944423590863,1912.3146296126706
Jun,31,5,29.512949977546622,54.41821173100663,0.46342337372500453,10.83088520870552,17.032823381153687,3.4592474458781517,5.301656262199377,325.7448399052865,10.507898061460855,327.2089017887453,1128.0635510991851
Apr,28,2,28.048676316806155,59.864509331051764,13.236777577089564,7.231992840652182,22.362751587757074,6.787194705563052,3.8663574603281043,410.87808026458436,14.674217152306584,399.79883125664577,1780.5697800403323
Dec,30,2,20.61737266494055,71.09332113123425,4.061766793764039,9.171282873723285,18.192522499537944,9.987193983874757,3.6992951158185075,233.0974655756886,7.76991551918962,229.77468237645186,881.8635449677952
Jun,31,5,31.750669156951933,59.27095243093212,8.653807308036843,9.365568246302804,21.64672394540076,11.780026244564048,0.4951469118581593,427.33668025462083,13.785054201761962,533.6727926667198,1810.1141510312814
Apr,29,6,28.28982872013512,56.03930356647553,0.8396150777777532,11.01575243368045,18.413714634551585,8.956261506418723,0.9777722122022972,338.85639529237443,11.684703285943947,328.11292685350276,1232.195585679661
Jun,29,2,20.5535714584744,59.61402076425354,9.163149316897936,7.769313746877327,18.49236056465087,16.076334706931526,3.2815767362978674,365.0113015046982,12.586596603610284,323.49258951380074,1494.4733057385836
Jan,31,6,33.77805640848413,46.73773778598938,10.770063603587298,3.327997590105552,17.389018224680203,12.892958328769117,1.2431951401492567,496.04390785850904,16.00141638253255,596.848642948185,2378.607563675286
Apr,28,6,36.45752780095021,66.76437922752777,12.306984803221898,8.125680749597834,19.885110283020456,12.578899016256834,2.722460013395547,592.1823085747372,21.149368163383475,544.8079965845275,2997.628253114989
Jul,29,5,36.705559540334576,40.55928087386108,5.489695895407069,8.441555087955523,20.715555100608,5.082396392061345,0.8849699654059032,387.40712124422663,13.358866249800919,291.06936853218536,1557.347572720295
Dec,29,1,31.61530398293162,56.67054254761381,3.964682454580722,5.724626109891742,15.929995539718266,16.797471590181612,6.47462694390901,312.92967912259496,10.79067859043431,270.2743341244305,1218.6232827085837
Sep,31,2,30.20726162359702,71.11262250596891,7.247942507216544,8.324479439752466,17.295098895559125,6.787739422885954,1.3949788619460444,257.58324291111205,8.309136868100389,205.53690678722816,1018.9478730710638
Oct,28,5,35.976704794031086,65.6365793951926,15.591095579273354,7.205759443602158,19.83015704874844,16.950169731948378,1.1311706503596275,597.7763106341366,21.349153951219165,433.98828516487134,3140.427411799695
Jul,29,6,37.570726134030444,69.08384687583668,7.779700789019302,5.045941311578477,17.740902724431344,18.088780227702287,0.6820494453827833,486.3846671756615,16.77188507502281,443.97583931831736,2217.828244684167
Feb,28,5,35.10105916294031,61.219451927374294,6.112318902111594,9.477266769020424,17.01322906293358,12.0506261294551,4.749637254809026,425.9035631539679,15.21084154121314,404.9797407537767,1735.589086690468
May,31,3,25.763080789965894,76.0369541718262,6.776224157369223,6.759804668024849,20.019084307738805,14.128052390717684,2.7193015210440064,363.2944369021166,11.719175383939247,404.5169585686501,1475.615060647136
Dec,30,2,30.90605183946715,73.0963903612375,18.0,7.105965727578448,20.206906409425024,1.0,6.302987824899225,553.8014474107455,18.46004824702485,576.9626476034573,2862.611547770169
Jan,29,6,31.977822649311427,67.3536920509721,4.615963578759602,6.982326535968414,17.100715818655722,9.21999033803849,1.7490320223062539,426.7343455583672,14.714977433047144,442.0534514172276,1733.751889999618
Nov,29,2,21.85672363987247,73.13054932776251,4.02293743368219,10.718052914421122,18.424733055975892,14.40866255967816,0.950741537388361,295.4710787632948,10.188657888389477,249.34293151903103,1041.3597328310848
Sep,28,3,32.112122968293484,71.00508265284292,5.041944774822797,7.909984444098537,15.583050408191534,13.698041073256338,2.6180978257634,268.046321832601,9.573082922592892,288.1608727310818,1011.5641012933222
Apr,31,6,40.22846321690725,56.72643783983732,12.071196977660932,8.174019605200808,16.2090381790426,5.12110664760049,7.230474830085919,586.6885857180564,18.925438248969563,669.3296975642023,2894.002420806827
Oct,30,4,32.879712746103564,45.873213059704,14.028015379948634,7.030600460349927,18.24833046426676,8.825111840528505,0.4797983943221093,535.6523255856048,17.855077519520158,541.7020985986418,2569.892765489794
Nov,29,2,36.6303588664879,67.04434551011148,9.753198667793631,9.018307008960791,18.062813575159687,1.0,3.5145244161475344,382.48402669055866,13.189104368639955,388.19347274491497,1603.9882893588604
Jan,29,1,30.82311628557917,68.55307076997714,18.0,10.968499706591478,16.06624781653873,11.651971360691014,3.8007591499219706,503.5319274829726,17.36316991320595,400.6049667093492,2510.394865273999
Feb,30,3,29.670517542072805,75.08566389366278,5.8303784454650796,9.425293798470314,16.568052150548848,2.4666863950927054,8.093632207598015,408.5655404650135,13.618851348833783,448.2277164770043,1630.7381921785025
Aug,30,6,31.71572125536439,50.76414469945648,13.986255383951537,9.511107314936684,15.86991126008888,14.521911371150287,1.2971512710773185,555.2227475874149,18.507424919580497,661.5523296191378,2671.9650807527573
Dec,29,3,26.328780084070054,51.12282728867404,4.264198310443368,9.33370645294556,18.910119713826422,14.730899442869635,0.4397393859346944,319.380207799053,11.013110613760448,320.01379804827246,1180.616616537753
Jan,29,5,25.663011657445253,67.51880319569324,1.785213651865007,4.963466184715441,14.0647216066162,8.102532742374006,1.9125713812793659,345.47321431050125,11.9128694589828,304.9607982152419,1261.8763665515341
Aug,30,2,35.69837050726215,61.145996133762964,9.09442824810977,6.072538570261895,15.976845540879609,12.085103721816354,5.245436348808747,355.61106129148425,11.853702043049475,333.89768769381715,1467.3156703467166
Feb,30,5,36.175540542899334,39.37086067314647,12.191072903596758,7.549027734081922,14.274116904335358,9.131605103757966,2.8675607469408804,591.4780538791119,19.71593512930373,535.4918803015531,2979.4545177935943
Aug,30,5,25.540021579856923,66.50129796505028,2.8557814867784703,6.403099106514904,18.83804120771596,10.967633580059465,4.118093534332164,384.12084638596923,12.80402821286564,350.7567031698405,1514.2548109414524
Aug,28,4,34.35599462049239,39.770925020132545,14.521905138198365,5.658018545536804,14.394532899890597,5.4109623070274,1.0153891391375895,440.23181140527385,15.722564693045495,459.70669747475955,2063.8239473577996
Feb,29,5,29.608680109772905,50.65692137751948,3.7061051224051207,3.881213370084737,18.06345839707108,12.489970492959637,2.2723192547340965,379.21738849070067,13.076461672093126,377.82578752965776,1497.254122377358
Sep,30,4,31.529138585206937,78.22017647432128,3.262615166577266,5.037635731104889,21.279048031494845,3.4352590791023347,2.95600615306489,302.1451033779932,10.071503445933107,329.49278809037565,1152.5821040325002
Nov,31,3,32.070983877457785,83.89854821368539,18.0,7.435643773846279,21.346867962541804,2.680279350682473,0.5732316408508749,554.6823683345975,17.892979623696693,559.2403768558722,2852.2387936606297
Nov,30,5,34.47457710655943,47.41212357833646,5.860193690730035,7.847261992998454,14.388184861642358,9.512286733332033,2.941614796555916,428.03850705575996,14.267950235191998,362.83478634849007,1799.6562572728255
Jan,29,6,30.37223190838435,58.04730155104767,3.878307505163438,6.2552816925127335,18.596819203261912,9.155026881554882,2.0910472637540165,400.21048779443805,13.80036164808407,358.15238239971916,1593.133314592543
Mar,30,6,36.34572897885871,62.51147027694447,13.227294954474816,8.173635467903097,16.02205740723909,11.089206922207001,10.0,704.1782008152791,23.472606693842636,624.4868189651777,3685.519127311957
Mar,28,2,31.39235777891966,83.37472313097882,5.123919812174586,7.045565990001572,15.613727928579484,7.401970039054684,2.7725543719331376,293.13008288541874,10.468931531622099,274.29908099807574,1082.8075365663472
Jun,28,5,32.8088292261129,56.08557262610718,4.231740140667592,10.399261892222466,17.77306009121985,17.54276666314236,8.410365786047544,447.89786655320296,15.996352376900106,534.4822482406692,1882.1117645087086
Feb,30,1,26.25031833808239,56.277391723600665,3.3311014559408187,7.644423319145358,20.45658231386625,10.642419957517768,4.0942590769073455,222.10408047068753,7.4034693490229175,269.6647701598645,710.568419305743
Nov,31,4,39.71396554817176,80.58470670155434,18.0,9.531927939083774,19.199317748440716,10.931527114064902,2.498221797918228,616.5763058677339,19.88955825379787,658.9709557282873,3239.7505665594035
Oct,31,4,32.11421215442235,57.502530167380904,9.544645600832292,8.447070277048324,16.569718143034237,10.788935509628182,7.537410796007297,483.9718782402828,15.611996072267187,472.08518702733824,2209.3935716490023
Oct,30,3,33.208488414052944,70.6664205075975,11.440777327641719,4.915443713663079,19.410067994820004,14.011639475792311,0.8648052480390659,411.0094774688156,13.700315915627186,321.8143426298049,1826.7063613765145
Mar,28,6,22.763163849548064,44.27428441865087,6.540393864394459,7.800552013378214,13.512583336236641,12.304069657937857,1.8738523575969561,461.957886938578,16.498495962092072,456.69206582415563,2011.5014485299255
Jan,31,6,26.297840896144045,59.94520707089209,7.357512114062645,5.2816269814768955,16.49410840313352,11.768071598833117,5.479768932571213,482.6035694065024,15.56785707762911,413.73558228494096,2206.0017684740433
Nov,29,1,35.57047659563429,42.08483794008315,7.802874466971383,7.762134155922773,16.352216910597498,12.943936419462364,0.18132517754648173,207.73578056052114,7.163302777949005,243.45965539563886,767.8760280029146
Apr,29,2,31.29101003231672,49.33479462853155,6.864270350516863,6.360712202092484,18.15664138347786,2.7015414518112344,2.6963211530328124,300.756643384426,10.370918737394,225.93027334538692,1154.446315462947
Aug,31,2,21.387991193269833,72.07041626182716,0.7154420107613011,8.840318673666578,17.594344072680002,2.8526093976568907,2.6769928765106696,140.7697273085726,4.5409589454378265,142.17502633467856,434.50452179512223
Nov,30,6,34.67230468042719,61.401135306959446,13.668547723052805,5.046820457574357,17.71705781276023,9.695765018794225,3.423848250938769,575.4733279777934,19.182444265926446,487.0512071249416,2872.573769969619
Jan,30,4,27.552977380412745,58.170731113364305,3.874966966994487,8.032344015614761,17.650560939787724,9.209304469272391,2.294036274352814,292.3751111468247,9.745837038227489,280.318446257221,1064.2508103230598
Jan,29,5,36.35092643644521,53.01500451222899,6.383273041411833,9.259314281639027,18.044814481978175,12.319239376192833,5.315222916363139,422.8822354010323,14.582146048311458,442.5838386672648,1694.2632482134466
Jan,31,5,29.60473944628335,59.35212712110461,6.213568363885662,9.99671025247979,19.080261933916447,10.080067608734021,1.3622989692113288,432.42087591603104,13.949060513420356,472.5737183024384,1835.5276237448354
Feb,29,5,30.921180087092385,65.61335800520833,5.2876412465961495,6.318830932654709,18.298662052204765,12.327459737816842,5.876334850588852,436.1264312485614,15.038842456846945,415.2404559018926,1871.2149603005334
Jan,30,1,35.305295603662415,73.79499447754114,13.862440406294219,8.039052138855785,17.431296366790882,5.017618921754857,0.9839909778720899,362.91528891462156,12.097176297154052,384.31210350868037,1600.129881794029
Oct,31,1,25.96128163115402,30.498239790838372,5.191438942259366,8.405123340405462,18.803496559609563,9.95702171836522,3.642014803771267,219.71350664127397,7.08753247229916,192.00299468218577,836.4438764662544
Aug,30,3,25.53218936474727,52.01886590884628,3.2711382350445435,11.40367781499409,19.65224708730553,4.635773048168863,6.902813602894622,319.37231614508124,10.645743871502708,316.79178464345887,1187.860281506229
Dec,28,3,29.115757108208516,63.90915490626807,5.286824636904477,4.741073866349698,16.88794821855474,11.547431737485603,1.2479165255004556,311.83788286317247,11.137067245113302,339.9927785286957,1134.8404229489
Oct,29,5,33.7222775982955,60.81364260845257,16.366606190063195,5.995574400843692,17.881194538654647,2.4868598305467176,1.5656690905219046,577.1788806685184,19.90272002305236,579.0102301000245,2931.6167718741476
Dec,29,1,24.011052363239294,66.8405149103207,10.377461375387115,14.169817484019376,20.32381312609317,11.393240394163518,6.028264359824,413.3087112949965,14.252024527413672,368.3346559157731,1758.1256284193269
Mar,31,3,22.493844300499063,65.21048343351865,8.050080629712062,7.399185975296856,15.794478645465286,4.124002476411551,3.236187002457986,388.6003413369068,12.535494881835703,358.9596529766914,1605.2910324326963
Apr,30,2,33.70674417169707,58.34158564407911,13.277409912124833,3.839813618212796,21.609404392511887,8.465888827112819,0.44664286423691585,391.1311601326262,13.037705337754206,427.1290291525355,1761.2292541715124
Nov,29,2,27.286597593448484,55.677761648153876,8.486402331553526,6.718389684634035,15.32169005052085,13.579710765796996,3.338009131224502,299.0711296655746,10.312797574674985,244.65818808843412,1283.5005152206759
Mar,30,2,28.234982941858725,59.05398212317399,2.557670091404166,2.0,17.309270777590527,10.90951995439367,4.658950257300821,217.96711921471746,7.265570640490582,182.4905800253684,675.528975108457
Jan,30,2,21.644353191269254,75.78490819787291,9.24592170086508,8.530025567403538,16.099620006247974,3.417359105102796,6.21177299046992,374.04265160234496,12.468088386744832,388.33352667449043,1557.4630054949037
Sep,29,4,26.94459308541608,53.21590480513143,11.543473830611678,9.78152647261208,22.375853993738755,7.310424621223904,3.5736254546769537,479.3616589211937,16.529712376592887,432.82107430640355,2203.4277142218366
Oct,29,3,29.96594716515982,61.246319322272534,11.979510843727297,5.994342772428743,16.993299942305697,3.994485898092792,4.199935160260889,416.4246443248211,14.359470493959348,321.10605701406416,1804.0206296687206
Dec,31,3,34.18670035930302,64.20010656798105,5.02468538597101,6.9644073710466845,16.998317686942933,3.2209660015792263,9.007056998990471,368.94631033283855,11.90149388170447,418.97780112692374,1458.0060951712337
Dec,30,3,26.529464251944127,80.72421115849349,3.6263744253116843,10.032039141811607,17.25850252012016,10.470652704535897,5.600122178159369,391.4938363393758,13.04979454464586,319.87080731734244,1516.5726041556672
Feb,28,5,37.45819254104624,58.39630090116424,8.417366994858469,4.149525977338644,18.1912056157879,12.241193374240414,2.2213753852931397,442.386795446699,15.799528408810678,413.22204704274327,1859.102749851133
Oct,30,6,26.919497891190897,73.50567987213154,4.2317057169034475,5.092543333161,17.34311644219098,11.762423682862758,2.4789656350332336,424.026438455318,14.134214615177266,372.915273745121,1720.5627679522775
Nov,30,4,26.926086892866714,76.78375283918027,7.4721571051572,7.498146600225592,17.7342263907552,12.410507259519004,6.7001465233503845,417.00120184488014,13.900040061496005,384.1836855099311,1711.2504823946279
Sep,30,4,36.91810898354011,61.23494882011222,10.942195272181383,6.344863357572999,12.0,9.952356596456726,3.515816088535024,492.1515341069941,16.405051136899804,415.8677857287938,2310.58132157614
Oct,30,5,30.951570685637627,59.47137225107885,6.766933636621716,7.3534928255581065,18.114319672003653,8.906439125000128,3.112535215254154,459.1194419411999,15.303981398039998,483.38679731355296,2046.2912687706937
Nov,31,5,27.515888719447904,58.051355935421405,1.60164936244273,5.219749297305652,18.03561324297329,5.707722691750742,2.1607054964568766,342.5844721982007,11.05111200639357,333.81672772591025,1269.7258052203026
Jun,29,1,29.30190090968733,58.930122389089014,3.516278757970423,8.471489669027317,20.077137594824787,8.239681312998005,6.515812807499309,284.84621156120727,9.822283157283008,309.8770631097289,1046.962558474086
Jan,29,6,36.088831098939266,72.25087832692199,16.832583443298404,7.6716872126040245,20.618121896558804,4.714606458695318,1.3216195573252574,630.2567607418349,21.732991749718444,555.1352804242478,3289.626727048964
Jun,28,1,36.59791268831557,64.77211972706617,16.128745541784824,9.208219087312672,17.624583877216406,6.619337891492322,1.8778639423006604,418.32424690004984,14.94015167500178,517.5895913436518,1946.0670233858611
Mar,30,3,26.324430693283848,64.82347651003843,5.125502358270033,8.440878901056644,19.63245816334791,10.355707481752168,6.500909493957177,409.2429271826183,13.641430906087276,291.54288434483465,1667.956395627638
Feb,29,4,29.809047854644014,48.49731787544198,9.263204664592866,8.454718159491252,15.796862439110388,9.52877564983631,6.443349127716546,489.09905333985085,16.865484597925892,368.7476534317599,2259.4762062579093
Feb,29,3,30.405705724504077,50.39011907149718,7.287355812592979,4.818123820033749,19.534684685392207,22.258912151579104,10.0,395.28164179679766,13.630401441268885,469.55546951080277,1611.786038442561
Sep,30,2,25.56191950267531,87.72136189732376,9.964729875233909,9.08370141361872,16.855048401730848,4.61681760997997,2.704791356577188,371.0550484531893,12.36850161510631,379.079268519871,1586.1144520220407
Jul,29,6,29.749417263075024,59.86609129653573,9.54168619546763,7.272093916030228,15.63060506373989,9.499605116672871,2.190158994109651,501.28627102585557,17.28573348365019,503.4820005370107,2280.3909634962665
Jul,29,1,30.023952872032652,52.70273605305968,5.456870867061908,7.633483723170841,17.6288226435919,4.305071555185103,2.3884780148575397,252.46997662813567,8.70586126303916,256.5261062416634,917.2902139286937
Sep,29,2,35.13094265521531,79.17318998707157,11.676371481669381,10.306181628059782,20.80094489439556,8.448856496120197,0.5199266208554646,397.30709098009476,13.700244516554992,410.9176181914113,1750.780680936057
Jul,29,6,35.4334126274004,65.38170258420263,11.136893515768373,6.417241775662831,18.362011073461694,8.611627271539263,0.23492768431069103,482.7764675890503,16.647464399622425,482.27911303737045,2276.3388286749405
Aug,28,5,28.518557707384463,68.93785900237425,5.5484975565744215,10.9726055226098,20.992976295356762,13.379520104932553,3.563795584248694,451.2185714706349,16.114948981094106,376.51140277635,1917.2392962116446
Feb,31,1,29.037210852626348,60.3434350966216,4.6911749639470575,11.177845658620805,16.502534572368393,8.201333843128316,2.0460770961124273,233.46862053169167,7.531245823602957,248.96272296248372,900.7015563534276
Nov,28,5,32.98931535925036,58.17592291307835,18.0,9.656125762201619,20.09570220909598,9.234721599775364,1.414591062252448,643.0147533685367,22.964812620304883,672.5215220760641,3418.9736257979293
Jun,29,6,27.366651979828447,59.96496353003251,5.553649342227592,5.842634216311671,16.695679925526107,8.278728150111123,3.076286938049734,462.937752008614,15.963370758917723,530.3859534444764,1984.193039268741
Feb,30,1,32.648880682818316,45.40714195641648,10.729667697392049,3.1901548596207494,18.450657342978406,4.395793023771164,3.6306816262777475,363.2241905189848,12.107473017299494,432.0011777131353,1519.6393585697126
Oct,28,3,29.604420806838533,60.94487108696123,15.25292363968568,10.373436811371871,18.43336565731883,7.39159051282757,2.548889239310143,517.680647319644,18.48859454713014,519.213960635198,2600.4092313937285
Sep,30,3,25.637706400176207,65.55239692451141,8.075364656545135,8.245047134928376,19.322983467848346,8.47225313966473,2.6055629617602194,376.6158189391545,12.55386063130515,301.4503169683334,1584.6456242791648
Jan,30,1,25.69423479204159,84.20555880612505,7.82558016670604,6.3605655641927825,18.501481239822656,10.295303533625539,2.024580905123362,306.42164643939753,10.21405488131325,364.7729019227925,1305.074284601256
Mar,30,2,36.51176413213996,63.03198878006258,10.13590824031791,10.581837156262326,16.521630924356366,12.2357891488993,4.928032886364243,458.60838906462743,15.286946302154247,379.5628803047083,2155.33430981742
Jan,29,2,29.296103343855158,33.98987549347634,7.426629286331019,6.1045704620688195,19.760613904185128,9.061613961155883,1.7615326252878603,332.3172665856965,11.459216089161947,333.6250497381244,1295.7740343484043
Apr,28,2,37.3815934225424,60.872174806584546,9.560066175386615,7.066858431891926,21.463313188650787,8.991294944074612,1.135980883393435,352.90768573340733,12.603845919050261,327.0129394471545,1428.516695368535
Feb,31,3,27.688636826782904,94.87404959729967,18.0,9.154758801497387,16.832393155487765,3.116747366051788,1.9488444372550828,547.0409160911347,17.646481164230153,494.5352202600592,2739.5457744342316
Sep,29,3,31.31042340509172,72.39639481982047,2.556132044479243,5.55007377044727,14.329535847109936,12.158938069025405,3.436776960850673,279.97462192389696,9.654297307720585,296.59363993002387,1029.1330209123455
Jul,31,2,40.76704525358208,52.26933267429693,12.454840313416405,7.759141998864452,18.998639136707578,7.216408451399837,5.154099415684026,434.4553196626969,14.014687731054739,430.8839874109843,2015.9254477097834
Dec,28,2,25.241759649015243,69.09327817316668,8.167767362020431,10.396101804609396,17.337639211895702,12.988492952919103,10.0,474.3919544569012,16.942569802032185,487.06836871826334,2122.04956699214
Sep,28,2,21.459834750451005,53.09583890132312,7.83047212979684,8.464443635966486,17.737794288089408,15.265759791416784,3.088777911119606,325.4572301982569,11.623472507080605,277.92771089838254,1270.754297795243
Aug,31,5,35.78965559079255,45.75430976543771,8.439809946671765,10.744337941012098,19.112355511462024,9.248339893227978,8.48646354140309,562.7585968139609,18.153503123030998,527.5131691182937,2698.5702674860463
Jul,31,2,26.279359025731168,57.819567641191135,1.1006939839520917,10.493925187613195,17.087215140348803,5.906754876936431,1.6266391109067098,193.22082387471318,6.232929802410102,166.16226715504465,597.407498332628
Jan,31,6,29.90682136152195,63.09831727086633,1.912190794723008,8.017024335727562,17.462296057312656,9.933205547654808,1.3671757431061662,339.9361475901944,10.965682180328852,317.54138995406277,1276.936140922659
Jan,31,4,27.363368052967868,39.534133970799246,6.412507617429215,2.8591689720137454,17.799760966126826,11.394807992074554,4.0542171838292465,383.9470485963848,12.385388664399509,362.66137390859376,1564.7912152285865
Aug,28,5,31.206732514298924,48.21008851353637,1.6164765374391699,5.567300950526326,20.939507875970033,8.737919995013117,4.52830490242149,345.0194054488148,12.322121623171956,413.94032404062744,1283.9776977926015
Jan,31,4,25.72258706766416,62.12402675818826,8.569156481274666,9.679335047245877,18.060139208227163,7.743846362482705,3.3460163321401066,449.2416199554474,14.491665159853142,416.1233000203188,1985.3927060079386
Jan,30,2,29.190269604525124,57.10192188813255,12.160805674330355,4.589446875372368,15.52865283837008,12.254128842789655,10.0,472.06008592428935,15.735336197476311,322.73436588391763,2254.1897437943358
Mar,28,4,32.0241689695044,66.73773525375309,11.047974263646427,7.28127630510871,15.60824303771777,11.990313098776781,1.7129477086773899,433.0852208097702,15.46732931463465,494.3069704211332,1945.022067317753
Nov,28,2,25.462610011765822,47.42398007229726,10.946033465072862,8.74465735011587,18.2784598433192,8.61484143869137,7.367303265993331,469.77443919511825,16.777658542682794,478.4200357905227,2110.227459072348
Jun,31,1,26.849621866593502,70.56936498263961,0.8081813663701323,11.233055530675323,15.741143998618043,3.3837353389572407,1.4037638415567484,169.11043132150803,5.455175203919614,159.46583402630526,556.3634694166981
Sep,29,2,28.436777248806607,47.794890835277656,4.523913294615791,6.734956667800289,14.875393026151679,11.825512741517809,4.805229087726067,324.3756974731913,11.185368878385907,292.9638044299602,1281.3466175868896
May,31,2,23.570330545981747,81.71281162325155,2.3840083383642092,6.584327040017115,19.271071981868023,6.930691226234494,2.9814317576626097,233.42095355989426,7.529708179351427,195.349917771172,807.8014277874191
Mar,28,1,28.09847557740564,41.410900587460205,1.3085666534729443,7.884619313709899,19.36899680573729,10.857364301481235,3.532013316676428,181.9161135175305,6.497004054197518,220.47255206899192,567.1727702925764
May,29,1,30.534584429563058,48.88934875539905,4.189213789715188,8.772008533582225,17.263726932212293,10.604628926716147,4.087499543058264,255.80166724418189,8.8207471463511,247.29366171886704,986.3265173789758
Feb,29,6,28.20202976285207,67.00844963638195,15.008190560909831,7.660656979728593,18.587318582303418,2.4442102918293394,3.072109654687783,602.9878377493176,20.792684060321296,442.64875964728606,3036.8474485142865
Oct,29,4,28.77880578180724,81.97079901797166,17.733111662724806,10.308390367548784,18.376243288391002,10.324326737646293,2.5975377874223677,602.6843224784578,20.782218016498547,604.2550409675653,3198.7622805315873
Mar,30,3,29.910442480920366,65.78051643339406,2.668876061125914,6.241883567337362,19.20483877193817,12.058130101497822,0.3851731736261258,252.33951578207808,8.411317192735936,281.81335697219214,863.203055615884
May,31,6,27.049154419054588,68.75429504218869,5.849152770748404,8.264354053433896,19.2094998078796,12.548609661241947,5.767023524819285,464.2286863582125,14.975118914781048,455.10032878066545,2055.0309233956627
Dec,31,2,33.109781546400946,62.2104428200767,9.529517647115146,8.979467962543442,12.788422824945549,10.46946300438525,0.8121473380421281,338.1994615948856,10.909660051447922,285.03208763748074,1435.0048179328176
Aug,30,3,36.46190156160799,49.68321855061768,9.072807626200667,7.119487818207116,17.51900208303521,2.0912558242016397,2.068110011454834,359.12819319683257,11.970939773227752,298.49311217265534,1461.0003042075596
Jun,28,6,27.910288235120483,56.11833982112745,12.742103953267971,9.847361860431928,19.035808376356265,15.108324248746548,3.7373434666582352,607.4761877067004,21.69557813238216,510.7347175325621,3042.1449177541663
Jul,31,4,32.18339204164968,47.45708336022468,5.390668664487069,8.327708790733169,17.17908681792197,11.644090670170321,0.9857832532242512,364.28515534860867,11.751134043503505,421.7750137140855,1478.9466355274524
Oct,30,3,28.92172280054409,46.65548038667754,3.357138401343983,9.735460568935002,18.072405278519653,5.1867226825180905,2.5951176043982214,318.88028871021646,10.629342957007216,303.1542840606795,1182.4761189981148
Apr,30,2,31.644693052673272,66.82098703183695,3.94649396463845,8.427029037707431,19.501399963356157,6.848947839366906,5.2917668464805585,263.3473007152933,8.778243357176443,195.3420280641194,937.3254617906324
Aug,30,1,37.04600789041464,48.52186421494446,9.456758907874253,8.828090057271902,18.161850466504326,10.924896837178082,2.0256697609804983,306.53718798505247,10.217906266168416,309.58337381259304,1259.8051907802378
Nov,31,1,32.28896794358145,65.83464808068034,1.8510843030981277,6.608738134931418,21.015838834469733,12.719136773193023,2.632049190673233,167.26528021898454,5.395654200612404,163.641441480044,550.2711831848175
Jul,31,1,22.019634575356438,46.37812697334682,4.694140601316611,6.612302248579308,20.253972504562242,8.048148574609193,1.2035800388293834,192.60733570617703,6.213139861489582,173.66316949262267,739.4000204420083
Jun,30,5,32.04298034151132,65.55659624140105,7.546471753533095,10.693672255843309,17.762871694057132,13.302101629516299,2.2451510686275684,444.97432174740067,14.832477391580023,368.1482243318837,1856.5226311211486
Feb,30,4,35.54788684489054,56.13580917244445,10.285116234743972,9.39812297794473,17.603907658550444,2.828932683599289,0.837558660850452,425.09068484492997,14.169689494831,349.2943219499604,1969.9380598139292
Mar,30,3,29.00281723500854,78.87938640380773,2.254791483982714,5.7494766343107155,12.29935178959727,5.830163955624851,3.397406025334623,267.5485269892241,8.918284232974138,294.64113188126606,944.135117652228
Dec,29,5,34.48035662753025,65.88462674694878,9.44902469669382,8.39789953424063,17.346995606218947,1.7425439606316697,0.6342633184162741,457.4604907885693,15.774499682364459,453.881626981127,2068.526309666742
Jul,29,1,26.894480064816243,76.8293947159297,6.217449335790377,2.777692682222063,15.293462214578947,6.410379428521227,1.653735199039879,194.48870050470663,6.706506913955401,198.8109544493529,696.6150700300034
Apr,30,2,23.315073782149767,52.93223940289769,6.318434934445296,6.737331639861283,18.442459084001246,16.03230873817638,3.0028348161506724,346.0692538957547,11.535641796525157,343.23793855997917,1380.6848187369765
Jun,28,3,30.63526058474688,62.67372008293001,10.203100296585571,10.114260888563793,18.305741422240004,18.23120893834161,2.4502982679974203,457.53953727962676,16.34069775998667,458.72892578266664,2064.786486929754
Jul,29,6,22.095854756641586,50.22695410260466,2.1691136835390554,7.724679704835449,19.391711512053554,10.93836187292177,3.9012574931844624,389.1734934801776,13.419775637247504,349.90927136677124,1432.8601839738933
Jul,30,4,28.921030441978836,57.03673708706698,4.591991075625932,8.25940787326527,20.793340943896382,7.446283170925781,2.6392636387893553,387.4194632624043,12.91398210874681,361.5561859871515,1493.5287684632117
Sep,31,6,35.79079018190476,58.854749327064454,5.074703256142461,2.0,17.947461140656063,9.113440396596227,0.38320791563643647,413.6493130770209,13.343526228290997,459.74578640815963,1720.3031770687585
Apr,30,2,21.406066924141737,53.28970135175433,9.14919041154622,7.137042040100466,22.56083262384639,11.893359563332089,0.9682717209197098,342.3976006258898,11.413253354196327,391.6674929137853,1378.2218490497107
Aug,29,6,24.24226441838746,47.41396569385166,2.4920182687032475,8.744198892419867,18.46490289043981,3.7480765934436704,2.886592777127885,404.58319804625796,13.951144760215792,324.12294511151634,1569.1253401413144
Jun,29,1,25.3558548967729,45.03779211616816,10.793484667758467,9.023637725876348,15.379567212566734,7.710003296075181,6.350311432123805,370.84962198595025,12.787917999515527,345.9753848671889,1575.8875854221158
Dec,30,2,29.71506063130068,33.923022611511236,11.050221310381605,10.117182564935602,16.875856249779762,15.739572297800997,5.5497857662460195,444.4632979417724,14.815443264725747,475.17886603853543,1978.6993382506794
Feb,30,4,28.35427446459206,49.323842437958504,4.947139282561675,7.537432946098458,17.254506599384356,5.81715972268655,10.0,429.32359470228914,14.310786490076305,517.1934116138508,1839.4876042248306
Feb,28,1,36.296113717632394,69.52992676006214,9.157170685947651,7.635557212226872,19.18425430230676,7.003900402953828,1.8317386421531012,290.5930084283947,10.378321729585524,346.2865375240305,1156.2282008902978
Jun,30,6,34.29456748091264,42.8180176158406,4.504515482572986,5.069341655298302,16.1055001995414,10.052774623925762,5.160326854421701,399.5528979395403,13.31842993131801,342.2376276893703,1533.5830815044176
Jul,29,6,32.22872825730869,45.582525844960344,7.269685093767168,7.5500526138189645,17.404048234381207,11.132569038018836,4.89191086430499,522.4498824253103,18.015513187079666,588.1510874189505,2400.5469088316345
Sep,30,4,30.65533641454748,83.49078285479499,10.159357078753096,5.224534862724843,17.677919438407827,7.4999838152021105,8.712256585680985,493.1790256470512,16.439300854901706,477.2112298854581,2270.9528792729234
May,31,2,31.769533996431722,54.36204740182095,8.136233698342476,3.934685736428083,17.103758384688913,10.307857533007821,7.104162678937749,385.5082161387494,12.435748907701592,422.4299428898193,1605.0931518855875
Nov,31,1,26.121079401089812,65.85255210997803,13.767759128967647,5.612605385756728,19.62283076335944,12.431758134957757,3.5996910652989755,416.3190938582134,13.429648188974626,442.3291406978295,1916.689693087941
Jun,30,4,33.85744659100475,69.70780575800593,6.881805789077022,11.319106797168738,19.28264277693071,17.84580729505459,4.548745602746523,433.31341402841724,14.443780467613909,344.7808427832039,1850.2508796140996
Feb,29,4,24.995800855383596,69.95031355737537,4.177221372943744,7.404765356670792,20.333134270207918,9.495022482260877,3.9122724043060213,387.8590186114788,13.3744489176372,400.0752645473271,1506.0336282753917
Feb,29,5,33.75919647256004,43.73222923270328,5.276692903677043,8.483730198651404,17.3379496377776,9.83481073863775,2.7974996152295897,415.9062591654543,14.341595143636354,453.64582472036295,1665.0530484994417
Dec,28,4,35.33764125953474,59.227283841206116,18.0,6.870308247364276,20.405055135295804,16.10980938391804,4.304020972151599,629.5499728097051,22.48392760034661,602.7184376642001,3338.883935194918
Feb,31,1,30.94889070939639,42.581272765779296,2.1484368574555166,4.0607877572058255,15.27200582804591,7.803336566807619,3.3131078534233867,167.12255554731763,5.39105017894573,155.08619932080512,530.8080372113023
Dec,31,1,29.20704123467111,91.35581430692389,9.227717652308938,10.059448874845357,15.223231398020285,4.702587868951277,3.2016937687775506,351.2942158200202,11.332071478065169,265.46730980275555,1463.7082836216266
Apr,31,5,31.80139458739353,42.8614968318128,11.098634097920627,3.2211640923177045,15.572396627817573,11.00099590263585,8.999147088872778,542.5452945812403,17.50146111552388,569.0596334947336,2692.0812609586587
Feb,29,1,20.0,49.42591737356216,9.55333251156476,6.7794561110583516,18.018423385264178,14.30470010035166,3.654796266003976,324.56475971606545,11.191888266071222,320.3899766267064,1351.7219860024502
Apr,29,6,31.360161983184575,49.51278974190194,3.795589873136722,7.879847262129865,20.40475623315551,11.444188540798741,3.0894485194341796,405.3303179099413,13.976907514135906,340.5245222818301,1626.858218941783
Aug,31,1,29.48990700972087,44.04007427932544,4.9449890528828035,8.507077215545682,16.79571583872074,9.611937369811017,2.5135067445639545,250.727297920381,8.087977352270356,230.0775983473091,974.2824579892024
Jun,30,5,29.77217349124354,78.23112691707854,8.333006836480122,6.401766870036486,17.046613190071128,4.206426507460645,2.333063404550221,429.64112664688344,14.321370888229447,421.0850050843699,1898.7998111907912
Oct,30,6,33.179396308040225,91.06937481300196,5.63424437371903,3.956484737279056,17.567964089381324,9.766523018926508,0.9382701078362249,415.6333340868143,13.854444469560475,368.8236055025983,1724.902393000075
Aug,29,3,29.663539852958724,56.291010568248595,4.424302612128683,6.237594756862036,19.14565624677531,14.932619705265346,2.7997909783734127,304.5947532317353,10.503267352818458,292.51697017158773,1148.8845099626863
May,29,1,24.869069145069787,46.15492223786708,3.4583714873782885,6.3527324272367425,17.044749393290854,5.063531673843114,6.5863573146517265,233.9443609020957,8.067046927658472,171.36629274568782,812.6873909126325
Aug,30,6,29.3636879812858,35.15689401528775,6.001709812509549,6.299194310658823,16.933166084167,9.021011304786915,1.7835849832331863,415.59937228995193,13.853312409665063,471.88184271994874,1700.7728767800113
Dec,31,2,30.30399967836371,59.07069537773478,5.926873200042619,10.134128898456728,15.30920947328462,8.450061071366557,0.19756659525114392,212.8091674711213,6.864811853907138,204.7369341918121,712.6335354582426
May,29,4,30.51720260211456,58.20361492206268,15.768216404458869,5.330073888093887,16.856557777645758,7.2091817174490185,4.1808642363048865,567.7590028891093,19.577896651348595,463.90682218675886,2914.8625769860096
Feb,31,6,30.728637152782806,54.184446483678265,8.970724567805513,8.66215440376395,20.354923505870666,10.991692018076023,3.412453644535016,481.2399918663266,15.523870705365374,308.1080575867629,2209.842212862912
May,28,5,34.67716070213349,64.65650304771474,5.121379596865831,8.348253481879414,18.181852016956952,11.77322096502403,8.88722069974895,495.0107465571043,17.678955234182297,541.4365879057825,2209.179955596854
Nov,29,1,25.112844511346335,66.74207771378583,1.991810649566584,10.113001170437673,16.52029097950417,11.731307619173748,1.6105402615626978,217.41712723103828,7.497142318311665,224.49446821805762,703.9244838573047
Mar,31,5,30.790652052741823,65.8769990952548,9.894127594946978,7.707109882178751,20.472287945457868,6.0927609455395,0.8255050030324855,467.2766268804177,15.073439576787669,461.38386804302365,2159.4859943696897
Dec,31,1,35.804683643782084,58.206501536378155,9.731811660968154,9.74048812783463,16.829572995879627,3.416065222665269,2.4041684761260473,342.7311461027601,11.05584342266968,367.5017792680105,1407.5805363050317
Aug,31,5,22.194248263782622,48.780538045108855,18.0,7.621115696192985,20.83991115896493,11.049553746122914,2.0901699420393167,638.7276550813426,20.604117905849762,684.6628986889741,3376.4599306883038
Aug,29,4,30.80841006351024,69.98999717368059,18.0,8.955663558486561,20.8072139558002,7.976323834069392,0.511221132267015,619.9320417880018,21.37696695820696,610.8047507865303,3183.504457274163
Apr,31,2,27.365796741121304,62.150165113058364,2.631927842774518,4.69352960805607,18.11202325274934,17.35324951874714,3.1127816592797206,232.63755592332,7.504437287849033,215.64388304249078,789.5012102685423
Dec,31,3,28.331803269871028,72.66029029801581,6.973573905201919,2.1957882321595603,15.002900945256625,17.538038784059786,1.9405268317144888,279.9691897733009,9.031264186235513,253.58813878231194,1083.5703641770137
Jan,31,1,25.9283662355351,71.48090659366677,2.0152462068428503,8.830603077844877,22.57900123069151,17.96275917758416,7.7549415695996124,257.808832031074,8.316413936486258,261.6044130494845,858.2966895557744
Apr,28,6,29.237021779348,44.93885517143461,9.232419154852465,8.948602877286305,18.774552112529094,6.239556395861147,3.153978817145338,568.0485271635333,20.28744739869762,648.4921960141818,2744.224743427741
Jun,30,2,38.285650264921074,44.78933351050876,18.0,9.04610513293414,17.352225950558818,12.277476346968374,1.4264659222154292,519.5810915951279,17.319369719837596,491.8471974607989,2637.4681252523887
Jun,31,2,24.310063374702537,52.93351137511366,6.289351952943477,6.845148467539706,19.912255829550112,13.483810069005937,2.842262501260002,297.3786946380665,9.592861117356984,342.5630269249786,1120.2577865487433
Jun,31,4,24.736754988845277,49.324815100511984,4.065508016861988,11.27738895486282,19.404605574042694,13.033416934177609,3.360678188915728,379.10998391898494,12.229354319967255,382.33614222950905,1564.7664649472242
Feb,28,5,24.14129443426423,71.06302131171321,7.491353114683744,6.988268805378551,20.62187669977288,8.582408223224565,4.493687599761554,491.7162476407224,17.56129455859723,496.3825492265578,2211.3232981883843
Mar,31,4,37.77338228982646,66.21571611185502,16.00603773009977,8.925933843279212,16.675304422640206,15.116659611861305,2.957549138717663,570.8821572325791,18.415553459115454,726.541301484509,2902.5966194189728
Feb,28,4,27.91947132515421,75.19020792542372,10.612969642572503,9.308199695008973,18.636946825548783,10.001899945466091,10.0,607.8951183378281,21.710539940636718,714.184466181234,2991.0255243892843
Jul,29,4,29.884624228435467,66.75784180893102,4.101612008669803,11.781228351448043,15.628259539510125,10.512424499741758,0.9062403338552714,323.4785388145216,11.154432372914538,381.12862579192296,1218.6377508578578
May,30,6,28.18747676502192,64.50379498248043,3.338449777886641,7.302534836462366,19.33266879148247,3.848666192891426,1.9118163998208406,423.7735692908432,14.125785643028108,362.8816402194469,1690.7626725225898
Jul,29,3,25.750097047186088,76.39675736413005,6.7067716780408775,6.562975606295864,17.954109260745625,12.579059878291954,1.43231180655834,358.33289230366853,12.356306631160983,446.11861915069215,1484.420907546332
Aug,30,5,28.94182209023504,67.63672807682059,4.321646336825075,4.704080154286289,18.562018510973623,8.958353145710356,2.1754981132521545,359.41024272500624,11.980341424166875,341.19239048501163,1388.9386339839523
Sep,28,5,41.06209622581452,62.81721156125263,18.0,11.415207414657441,17.707300552319058,11.8591154484021,3.687660378442474,651.2722282564672,23.25972243773097,605.9607097451299,3518.1473240311316
Jul,30,6,36.264319144384146,79.76543640716822,8.66597875561605,8.927103995506789,17.498022358823278,10.940454799218474,3.4891842165509446,549.8021012963427,18.32673670987809,373.47930630548785,2603.6019252613205
Aug,30,6,26.161779819934775,63.38217059783348,5.958939224160835,8.996734432967465,16.263537651970573,10.723746306655084,4.41187717494837,485.8193969293074,16.19397989764358,486.99401456121467,2165.602003443593
Aug,30,5,32.91408346377759,58.34791274098494,9.399177357736585,14.856749330912624,19.580860429368467,9.817145710133264,3.138719641884315,520.4270131559982,17.34756710519994,426.3150662309672,2487.0397462699407
Aug,29,2,26.258147523001306,51.946120894668205,1.5390529055226532,8.715098430609858,20.979408073482876,13.146398938641816,3.2909733585148446,195.48113157029786,6.740728674837857,198.03665595588132,648.3019225194726
Aug,29,5,22.006345625192004,70.43630550854493,3.57596775351254,5.134892908779928,16.88666328217983,9.204429852459736,3.189655411365064,388.40991908105593,13.393445485553652,314.22227779474406,1544.765722638956
Apr,29,5,34.58779912949083,76.84460650210963,18.0,7.569012135015453,19.10708100994219,4.179210322188067,2.0001583583403604,629.6277816903371,21.711302816908177,751.5872993547803,3321.734613718319
Mar,29,2,35.22041780989598,61.39295118279884,13.917295559413255,5.855478700532963,18.864367249320484,12.275822425495736,1.8710180959389955,429.01540142893185,14.793634532032133,442.6171696349444,1972.4861618710358
Oct,30,5,34.70723512971555,77.69498748535807,7.530870755063109,7.1290895319179,18.01619562269772,6.763977900353446,1.4050050877215106,438.22284110661326,14.607428036887109,550.5758613691635,1801.7650072634497
May,29,2,27.885606378511923,38.359819616341085,9.258561686688445,7.114302873939864,14.946808533270566,4.702952629271441,4.588041023667412,346.0059183400092,11.931238563448593,286.1492735713483,1436.824379659593
Jul,29,4,29.249509196991063,61.33455950230502,12.605310607034099,6.708546339652491,15.396805297778815,5.911026663429607,0.2623625515921595,444.280751454137,15.32002591221162,515.984688862853,2076.6058364718033
Mar,29,5,33.373944991461556,61.518861054746765,7.1305591150130905,4.934778488218127,16.43803609769686,11.133329517427683,3.2341686730138752,432.36501330081455,14.90913838968326,313.74454160694955,1867.7178320583914
Jun,28,2,31.761732168066484,53.276067531111835,11.164784498044906,11.503503594079053,13.721990552856138,9.613924787620599,5.2331990941403035,404.9525889539204,14.462592462640014,399.7083767722547,1745.2654339305511
Jul,30,3,28.2286313791633,90.60633245578248,8.988622136856037,8.657465697764467,20.81606145981123,1.4692678813086104,6.263901784731987,475.1966575360799,15.839888584535997,417.16991583017636,2215.935754264397
Aug,31,5,22.71417680946826,61.20568840773487,2.046417981445412,7.503961523659476,18.735406458359428,8.46537622778932,0.1553262353964585,346.4059289387898,11.174384804477091,312.37696781795,1267.9611276078413
Jul,29,3,30.512438373639057,57.1072307407468,5.147875815768275,9.666803224934634,17.940077903201757,14.676924899899058,2.0553822175043144,306.30289406060535,10.562168760710529,273.4842131131178,1148.1615878923974
May,31,6,34.85554337656251,62.31154536120206,18.0,9.03634800466866,13.619528361464344,8.194817316266485,1.4847414336707716,710.8535862994432,22.930760848369136,597.8896363430574,3855.3919329535697
Dec,30,1,24.610852699346292,37.96623513769005,18.0,8.606519612032505,14.352258289959199,9.33809378628963,1.9081006285999145,445.5922352314285,14.853074507714284,354.79859314897254,2146.9448060887357
Jul,28,5,32.8744172175419,52.88158489586102,12.332604074162582,9.506995760087019,17.995317223626085,14.171965749308612,7.21910754233869,594.9354930211892,21.247696179328187,536.9200699343583,2993.127763404358
Oct,29,5,31.491937628101617,73.79887963334485,4.521743870895132,8.294656436269044,21.940979930967956,13.181957032818143,1.4936674581360112,421.25694596057116,14.52610158484728,410.760777999298,1715.9200807626669
Sep,28,6,33.3756671845455,54.452655740806705,2.909558820578192,9.474487205381502,16.602711608253838,14.087004350606843,5.224161122870202,394.3494490654136,14.083908895193343,438.2327607968772,1528.6044685824822
Jul,28,1,33.92388974873553,52.05349804639674,5.844243451174805,9.656847061931106,19.727596028824877,1.0,3.269982219588291,244.19629138694825,8.721296120962437,243.80449102835865,896.313708005165
Nov,29,6,26.87490641133591,77.71430763817281,1.7929845320448514,8.357981217072167,17.040195184650077,16.934092153768443,1.8358756380149628,377.9348315800776,13.032235571726815,420.1313410028604,1409.2572941347091
Feb,29,3,22.723682699257743,78.08305281142195,16.439353956881188,7.515132114308545,18.110478518577732,12.545601741711716,1.67277606024457,525.1115703300726,18.107295528623194,403.20009631720126,2560.3512495597897
Dec,31,3,27.599162134427043,68.2038856659337,0.9937698289135247,11.3668751631986,20.429367697785864,19.845905656096598,3.540999367622026,299.23108374444115,9.652615604659392,270.4193128098697,1060.4224653659278
Nov,28,3,34.00107292887154,56.538591991535995,4.900590902048419,6.948616612498446,17.30809673966691,6.8706958769028645,2.7185459908016973,307.2939079068341,10.974782425244074,323.4055240090746,1171.3988210021107
Jul,31,4,27.56098243413313,59.12634721860412,6.607076121623788,8.86088992094016,16.619790183895734,2.9461975774043587,0.4680196985918419,353.64179049061175,11.40779969324554,355.27377600751197,1387.8973157275964
Sep,28,4,26.876805042640612,52.35020046110049,5.638799020590183,8.910598503625947,20.836141108249528,10.028873826900705,1.1805093520472016,394.3878108227796,14.085278957956415,334.45949252315484,1564.8963301666472
Jul,28,3,21.803923461339128,50.062722571656266,15.167751306457607,6.658972725020002,18.09111564222719,8.898510680971356,3.612040245576588,514.8535429156166,18.38762653270059,556.7775293986463,2521.310224060579
Apr,30,1,37.886913995479226,49.46700214029881,14.127499493673877,6.222790752314714,20.182410181172326,12.614655934459286,0.8629681386149134,387.69987082489297,12.923329027496433,345.4151852698554,1813.5673359112131
Oct,31,6,33.71571138641389,54.58334711857751,7.663145858920725,7.221525554086328,16.629502213230626,14.299713378345423,5.773919370239944,532.0356491192181,17.162440294168324,456.98815664604376,2451.7311628678344
Mar,30,2,33.46453191573644,49.58334811178306,15.326947323218606,6.917122923013663,20.81334841792195,9.650823420482011,0.6153312316390996,491.68513683433395,16.389504561144467,503.1429782735965,2424.0630140738854
Apr,28,1,34.354764240507635,43.23553857748222,7.18880726014425,4.792112764394496,18.547254549069223,9.037167816749097,2.2960226827098,266.41335639576744,9.514762728420266,255.97049031225504,1000.7352919888231
Jul,28,4,32.595187626945304,64.63283203704687,17.801824142047447,6.566710818457594,18.869575252429318,12.09087927806451,4.693741624117443,601.7119038346335,21.48971085123691,536.7398927169199,3117.0202843975944
Nov,29,3,28.90052015169212,64.81514697072124,2.748688005144868,8.585690566196037,18.26325862285835,8.974685337230008,1.0891298840553818,217.08072826920377,7.485542354110475,192.68239388702654,733.7842367657777
May,29,4,29.26306153145009,82.4095131011398,5.485310137792048,10.785075885126917,16.989050036006997,8.64007159641285,0.8013264182764765,320.7858689130857,11.061581686658128,263.3415936783264,1237.5271724232748
Jun,31,6,28.07596035933544,53.97993957974357,0.6616984572157953,9.219660937381994,17.996634379010057,14.148539754701144,4.079205573534503,382.14660371686347,12.327309797318176,347.2003393076098,1404.4669641628452
Jan,29,1,41.8563333948675,65.55320707547925,18.0,2.2810241035854757,17.114819524021268,15.03911142761429,5.345898182032471,484.89267264997574,16.7204369879302,534.8372127087569,2431.069111482966
Feb,28,2,32.50160414084749,65.75255095129762,8.088383827577164,9.41086817246612,19.91909212528957,14.335864975452374,2.4371796631502343,333.94751476142716,11.926696955765255,331.20632668629503,1339.6092028436726
Jan,31,4,27.912898013918543,58.9539492664936,16.013367011657863,6.772066071029421,17.593885665862675,9.327081149097898,2.006783139009833,557.379752639275,17.979992020621776,604.5436836449735,2886.569072235088
Jan,28,5,32.09473548374826,70.93200306499611,6.121680817882288,8.99677616431308,15.006985544412201,1.4408440489872678,0.5877019408719435,371.45239188783364,13.266156853136916,381.5146322629725,1467.5389075325934
Nov,28,4,25.451089869646573,71.30275024220857,1.5162184792163047,7.968902429736619,14.641152530021433,9.407175654428608,3.0401539184603665,272.95316858433563,9.748327449440557,240.31015136189131,937.2723262370254
Nov,29,3,36.77028023365152,65.92893314237048,12.587846769226386,7.576087222608979,14.54656369535915,6.9680799492918055,0.3798942542971762,436.06021324025244,15.036559077250084,325.13156823769884,1998.8632830702177
Oct,29,4,27.02518906886787,58.932323539426456,3.663492222591282,7.775081398483289,19.235941515107882,9.481099923957649,7.290199567729102,419.94282519467373,14.480787075678405,352.54575292738235,1685.5778253313315
Jan,30,6,32.25488444680109,57.70963869734558,11.240516495992791,7.950666521806484,15.696991377253111,7.315636429129565,2.537587805858652,520.440112935152,17.348003764505066,454.2085630443634,2518.093084754285
Jan,31,3,34.7968993338441,45.58695321443529,6.157587303349926,10.957690938598537,18.600171551677132,9.917040578137591,1.2046732615485962,342.9002896282775,11.061299665428306,295.81467124875536,1378.9921964357466
Apr,31,6,31.731458448922467,52.3289866565877,15.376104002225038,7.956747588412807,18.273149034982826,5.842897483073743,1.6580025812756762,568.6585377036989,18.343823796893513,618.4346926141619,2927.29223994295
Jul,29,5,30.42511496318837,54.53590971317975,6.25338336204579,10.388179492998642,17.870582810180444,4.877130253126485,3.2286269587840017,393.66825539146976,13.57476742729206,427.59320807402537,1572.767462280064
May,31,2,30.048609381852067,48.51233885084679,5.111286011773636,10.067792904860447,18.87681040676474,14.890765930283568,1.9182975785550973,275.2273565006684,8.878301822602207,343.3583344584704,1006.1055468269404
Jun,30,2,29.746015064008017,67.27908760025197,13.542152027234515,9.467500204684036,18.316607074181054,6.121369546529387,2.818211223820651,460.36778948402474,15.345592982800826,396.2460363473452,2122.361360806634
Mar,28,5,27.40485679982624,76.35953442784412,10.794408987797148,4.0694385957147095,12.5805405144381,10.001326501025414,1.0399358953434894,450.60285450901273,16.092959089607596,526.1546599922698,1969.1178895659557
Sep,31,2,27.97732456603633,51.1032508120502,3.144132000609993,10.456591843555534,17.35274951830302,13.818059386411342,6.352988203391873,274.66952763857296,8.860307343179773,320.50218605747745,1053.9625256217594
Apr,28,3,36.658156681429205,65.40129722893565,15.243751881587212,6.9926171529017065,18.85020626812686,13.65721650491829,1.6903245675987173,501.45421529573,17.909079117704643,466.25499341512875,2370.174529129358
Jan,30,2,29.511585152916794,49.590666325643475,9.136241545980546,9.5746000183645,21.280565621509997,13.179392819661405,0.24242137513490739,346.8114902312492,11.560383007708307,354.2895095015854,1493.4887914875408
Sep,31,4,26.46391678777752,58.340933948730054,5.2988397695645695,5.860427766871091,21.372915233164996,11.211466058006142,2.066557691708109,344.92415862173095,11.12658576199132,386.7618456412867,1326.7963504116235
Nov,28,2,27.67666081412321,53.71604504986669,10.007848798752619,5.392837104732838,15.273698972829486,12.896013234147398,1.4627409199092514,398.36295983954335,14.227248565697977,379.37690112410996,1725.4819000086381
Jan,29,4,34.951668063137504,69.2227477832773,17.58841892904792,12.348055221028638,17.300549401374454,15.492352530424618,6.053626810301865,638.0252235185959,22.000869776503308,601.1914333392008,3297.5213263440255
Jun,29,6,33.040229849240156,53.85454191389386,7.546668276323532,5.894637252956148,14.867770372584005,11.700090375981494,1.2106788252809928,471.26605696788863,16.250553688547885,413.98184642017776,2082.8305763424896
Oct,31,5,32.52148130204515,74.13992496447976,7.197567243339225,10.521434605913845,21.039770150220164,2.6511906127432656,1.8946737804555243,426.87444696302,13.770143450419999,278.8322512139574,1865.699537607723
Sep,28,6,28.841154604905938,59.05135071605361,5.210260015805147,8.260524707160346,20.0257124162971,7.885867175399613,3.300070906238673,468.81223827045335,16.743294223944762,454.3546830535003,2042.1892601795369
Nov,30,1,32.58013111577825,54.204755484862034,4.842989437807297,7.075735871607622,18.701175773726348,12.785480286888351,4.433376916298424,286.0249417147931,9.534164723826438,248.18870075490324,1068.797448345435
May,29,3,27.103974937722086,46.960336851858045,5.375942649715412,7.901376454473546,18.332189722520422,7.491616265162383,7.632134895227352,414.533327156769,14.294252660578241,340.0021745063246,1615.2776250075456
May,28,2,28.831736858944016,65.0384541235442,4.931396224867147,5.137592107631115,20.761262200698948,16.480424557834574,1.3102491336848243,253.4110464312533,9.050394515401903,257.18304819549223,884.7188919235687
Sep,30,6,34.364120193262856,72.74262082671416,7.767313876567018,7.9697403648596925,20.42265038952028,9.747280687334275,7.043332289016022,572.0644791867181,19.068815972890604,441.2501564655074,2786.0419002935114
Feb,31,5,33.93424955513579,65.2798550784425,7.411485980036755,5.617971309428889,20.316089393312243,10.340995085437745,5.8867510634024836,492.1161626321609,15.874714923618095,524.0005587002302,2218.948234843645
Mar,30,2,25.581405693221384,88.8659799969731,2.0945867487260847,7.130023652509232,18.913359719564518,14.498976795606943,1.4421764549003608,245.8026898913243,8.193422996377477,251.42368392335433,834.7461007706959
Aug,28,4,26.150130961911408,79.15744942964503,11.536294758224415,10.035659040733067,17.301543400971674,9.26860041076283,1.2848539919326185,467.59840841356134,16.699943157627192,424.56760992683786,2161.2067042542553
Sep,28,4,30.489159687660344,58.309666823395816,3.91367995353024,8.559219488426846,19.534249664035116,10.705108142912744,3.8701001802950583,356.48657408503414,12.731663360179791,339.29310795330554,1317.1728607160132
Feb,29,3,37.7675956860128,58.18367079431517,18.0,4.739224902462853,19.632083810510228,13.596493935996449,2.7636708208613516,578.985105764666,19.965003647057447,466.24006434338935,3026.4613226118013
Jul,30,3,21.379956759889524,67.63636063382424,2.528346873469401,9.873273879210513,17.61872506081608,4.110917536665255,3.8623857844577567,306.2583375436951,10.208611251456505,323.88167296594725,1099.593051707546
May,30,1,31.252498228067267,51.94376983489178,17.759656269043656,7.984380523799886,17.29750216233152,8.858807350449801,2.1239408905300072,496.5502349715054,16.55167449905018,488.78287410214944,2511.777828272676
Jul,28,3,23.807805007920834,75.99545967838984,4.302356598677701,6.807192409499455,20.26662653911642,13.31661318151648,2.9929306302023084,323.2601479979448,11.545005285640885,321.33367723763024,1204.7182582625207
Dec,30,3,27.145510529135045,66.339206262123,10.670793195382284,9.642687868599648,21.328232217539213,10.262400593370376,2.5511060288688383,430.9693212236446,14.365644040788153,441.8494646880316,1863.1466982959955
Jan,29,5,28.360072118710914,65.07750693030239,6.292214030564171,7.632144958650595,16.50120843817047,15.86933524830992,3.822264183845085,384.4498100880014,13.256890003034531,336.9648747816052,1529.4449893837543
Dec,30,6,28.107712454533992,70.2434440132498,1.8325900174649161,5.435545052207432,17.473246649104052,3.6963065672523268,1.2422678779388197,315.0342659197579,10.501142197325263,240.22069217419102,1158.7104897240702
Jun,31,5,27.597918271533562,82.6739586004287,1.9271923197885714,12.06518136518913,18.701866152909396,3.239992928215467,3.179741184288445,346.06184714166795,11.163285391666708,375.2872507222415,1290.7192185432086
Oct,30,1,30.032431771693666,64.05146422625006,3.3515955171191814,7.961967625639827,18.97319799549722,13.078746066490872,7.523466633178076,235.41095414636814,7.847031804878938,247.0716576357805,822.6831805530592
Jun,28,6,27.591349950162396,60.64351554954339,4.1105453429114425,7.820952550139122,16.95526728151741,13.4632288597311,7.22243228136608,500.1746072828662,17.863378831530934,445.35714869796107,2221.6108564186347
Apr,31,3,23.418941768156312,80.10463547987094,5.549162273550882,7.108768622192702,21.76704126068809,9.226999972672667,3.476100202463809,309.36438724784523,9.979496362833718,313.4431481471235,1197.7903817080114
Oct,28,3,33.509413256352495,73.61060499189362,9.764755484741457,10.595924626806697,18.84419053109034,11.601577600182898,1.2175719455932053,391.767704595451,13.991703735551821,440.16533406034796,1651.3957711146802
Sep,31,6,33.387924752169965,58.14824191539533,7.384320216890824,6.845267282087511,19.062766816941107,12.980827910525626,10.0,555.3939272946635,17.915933138537532,615.3937466378659,2612.321042545992
Feb,28,6,33.79428439510201,62.06223738390824,9.685618515736163,4.601044310614469,21.517768163023508,6.744547176593015,3.823231561891336,563.6708801629082,20.131102862961008,499.75474604579375,2748.566028965183
Sep,30,1,23.06669476681163,64.34457099126558,7.872610333430379,6.506909143828847,17.10187674951082,7.172606499802804,9.438236680047895,329.51855670688786,10.983951890229596,252.56314361213117,1355.3229822499663
Oct,28,3,31.34513168662868,66.34175533525979,5.784010951190513,10.918904121000544,17.823136247115443,10.758904716794547,3.9448669799374034,368.6401832194657,13.165720829266633,290.76937993863487,1438.771519448443
May,28,5,33.04190485113116,45.72080178873063,11.16220540612477,9.830690755205659,15.493355541956742,13.61635583957488,0.12743654349126435,502.07493979399163,17.931247849785414,461.6456657079663,2307.9894806708685
Dec,30,4,25.359590692021868,43.49018470638128,10.460117316039451,7.4389655641483055,17.655299055492844,5.336172294568061,10.0,546.0969287585452,18.203230958618175,628.0667480048887,2677.1271113852226
Aug,30,2,30.04127961681958,51.351319735970556,8.044729402325334,11.021161311609044,15.022144952129274,9.208209472259922,5.295780206369906,382.7008584976206,12.75669528325402,331.15185516034563,1557.7420148388524
May,28,4,29.476800096103354,50.4231386838639,8.340151366598912,9.645472903408141,19.495698708386342,9.023053473182244,2.9026874975129524,430.48290913089653,15.374389611817733,379.8914294009583,1848.3839704735979
Jan,31,6,38.28967796355719,54.27411183232997,12.387175625829535,7.413503400003865,18.839993500139986,11.671836420171056,0.4308112252335537,517.7997134586872,16.703216563183457,455.5609942417703,2598.6811392203613
Sep,29,2,38.66023216655658,69.61652770508005,18.0,7.634998318777624,17.44586138592292,9.965206519964664,5.724295491592296,535.1835222138973,18.45460421427232,476.7816184697834,2764.3090239082185
Mar,29,5,22.510396230014095,59.97285012410314,5.645964479738804,8.724499010279954,17.799152584364304,7.816465664788563,3.916070180672271,426.13061172490524,14.694159024996733,408.46345400392033,1818.999465405788
Oct,29,5,41.22267152577595,64.35673526012226,11.235259519057603,6.169848710739605,19.522932830377982,14.994263123029622,10.0,603.9299875862845,20.82517198573395,479.27489889934094,2993.5825741967888
Jul,29,6,25.881484254810044,47.30835907949286,5.772252337557559,8.009911144120572,15.728407826220204,7.84297007351672,8.79313752753521,494.99693393800015,17.068859790965522,544.9751875571882,2236.8811119294433
Jun,28,2,34.41302982447341,56.46029356494866,4.952400781807711,8.678729402149239,18.408335734905048,8.831614547914185,9.247863302987916,372.89414092513664,13.317647890183451,350.95799419673745,1459.3303537456613
Feb,29,2,34.36724091388679,69.04709194093809,4.711360640137144,4.288674275061212,19.39901961291749,3.6340094563215057,3.403699240899416,261.3872484617349,9.013353395232237,335.1735999802606,977.831924794333
Sep,28,4,25.51939397921187,69.13942949812161,10.494240208271268,7.5834952903506245,14.435451845185517,7.145496492616419,3.2842864071489206,431.2100373732014,15.400358477614335,348.1744086394419,1969.4236760728295
Feb,28,4,32.21970507227594,53.3051140617451,16.36201739756912,7.3332763921954855,19.36987601140404,12.064304305356199,3.9498450242978045,573.0143963797158,20.464799870704134,668.5259271449885,2913.7472830525176
Jun,29,3,29.516098150802712,63.93994863655465,4.40925193247746,10.26174964391271,14.651875073476866,11.28240782541944,1.5910271560034936,349.8877058582468,12.065093305456786,399.17810204044673,1348.9733335470244
Nov,30,5,32.49448502084576,88.38617424178798,12.30882268013514,3.9421066136157243,17.764811032296937,12.398067960263047,2.9725149287286117,547.5658690872957,18.25219563624319,496.3580997517256,2660.464206770428
Dec,31,5,31.038025360712815,61.78882484893234,1.5904496293171677,7.160686756651836,15.673217791809547,12.20392914378268,2.5057960292558117,364.69303582176065,11.764291478121311,331.37545330710765,1381.8358382378126
Dec,29,2,35.38352768416611,53.68175664629065,11.802123024213847,6.940139775797909,20.86249315858003,18.350856145180614,6.899792047087539,434.97340736976815,14.999083012750626,365.4782645380123,1941.519779151268
Dec,29,5,30.33929794415728,59.91485132765408,5.900591063333834,10.112156120627521,15.685757891695305,7.00856469021236,7.920655832656269,452.5198557496321,15.604132956883864,380.89646770569414,1970.5636684456877
Jul,31,2,29.2445666875816,63.106125290322,16.4167030347434,7.904197547397236,14.699620216069235,3.522305026260846,4.800888755933076,469.9259666592805,15.15890215029937,451.0919102935286,2256.920861754034
Mar,30,3,34.93228904875731,60.185979431713406,8.5340119041716,11.951408220435212,18.26670428319263,5.797788015713905,1.3555389205772104,380.6010985765524,12.686703285885079,366.40105349772773,1605.4694629368907
Nov,31,1,32.61178184186372,61.623743591881976,4.1922806864356925,9.456869440194051,17.172594039958355,7.185392656673635,10.0,288.7605097612149,9.314855153587578,217.05948928970153,1057.873143358356
Oct,31,3,33.293160274444,44.67863843675792,3.741730470562489,7.097509412783058,14.990789542672134,6.102692253532356,5.702646242998477,300.3992039987357,9.690296903185022,377.94896839300003,1146.1235226809315
Dec,31,6,27.009359974836315,50.448434298968586,5.768911105626508,8.52724913242971,19.051630398309698,10.374643390579417,3.741668158087937,466.5147079665216,15.048861547307148,432.11522363972466,2028.637084558725
Aug,31,3,25.296317483706865,60.20797715514203,6.574852584965703,7.221048619387192,14.017001875100641,15.010619622228084,4.468728321545211,345.90001500633144,11.15806500020424,335.0144018037014,1372.738548264681
Feb,29,5,27.445250355362845,60.01678435973076,4.846594299826651,9.890671399078924,15.927518054833751,16.15863629187966,0.7259149247825277,390.6144601044574,13.469464141533013,343.18962009678,1524.5211702259755
Jul,29,1,27.20630376443735,55.205728701679995,10.723571115290113,5.069165030759773,16.849563459158432,12.017234007386417,2.50968283264272,358.48914122138467,12.361694524875334,331.70597292482586,1502.9603721589847
Jun,29,4,33.53789670893811,59.875836967082755,16.239565619924505,6.187868851543066,19.60444478431028,18.56508886181606,7.325128549514977,586.9246389395657,20.238780653088472,536.1414808225536,3050.705719137743
Nov,28,3,34.39192822632323,62.732178264970464,7.445822443559498,9.002517820820827,20.590936734026304,8.574507773734323,0.6859938574241448,359.17026932243,12.827509618658214,344.6666307112573,1417.0250032177591
May,30,5,29.301913697104197,72.6729614782943,1.0502415581238924,10.696664187191967,20.205564494655146,3.469923831990294,0.6627032499719039,348.7806823664084,11.626022745546948,334.16792681283033,1256.9808542751869
Apr,30,6,36.43913558470959,60.80945917728739,11.566350120856745,3.155669088493762,17.693452419075534,14.212712271552679,5.729062908809826,583.3420479918077,19.444734933060257,621.0449760074281,2911.730690538537
Jan,31,4,36.15811227194308,66.78923846357904,16.69431928259111,11.023836675178915,13.145383510409687,2.6456224330037497,4.233754202304014,561.7377858067955,18.12057373570308,555.861217540937,2956.4394771817692
Nov,28,1,31.095295123802426,55.50079638279295,5.153524974257952,7.691702717458386,18.78170604243712,6.9799879092007835,0.6955656470317664,238.02739162953628,8.500978272483438,250.2993205052613,867.8143054784197
Oct,29,3,26.30148702805632,68.86514868318179,8.339136778070372,3.8554750837382405,20.941147478449228,12.080448929691185,2.322216854952932,349.9146119146322,12.066021100504559,335.4717439504473,1431.1035412659153
Jan,28,1,37.08919492245993,66.50876357134828,7.172859233328943,2.0,20.467580815627137,9.590474079804878,3.741677413000547,272.15896705636123,9.719963109155758,269.45447772258603,1073.4703118241825
Jun,31,3,29.725421920372163,72.38980403815783,6.936571960270976,4.635350655221785,18.92589801948744,9.236188948513977,3.404725954085257,327.2924404280524,10.557820658969431,303.9336644602368,1245.8153993538263
Jun,29,1,30.567743383939387,70.56152554933385,8.843723509340576,7.9566493171401165,15.620994471323094,5.276839868719976,3.9734906110086228,258.77965368537207,8.923436333978348,282.17450547650907,1007.440058645017
Jun,28,4,28.47177738477044,69.06482747457375,7.077267724304493,7.855024316820454,16.94938599274317,9.956790442266652,2.1767221072017904,388.7445012216565,13.883732186487732,389.4990215806516,1562.7562199511801
Dec,30,2,25.99594353166261,60.818991096106636,18.0,9.393040956360482,21.86762879749135,14.014649954951167,3.542910679591557,508.9849805972172,16.96616601990724,478.1660768948981,2560.6514574868256
Feb,31,2,23.391122563581185,64.93927072453361,14.689982752381532,6.79112820936588,15.166540930671733,10.079871666144076,4.794489583787277,464.9230580360116,14.997518001161664,434.9688476436685,2184.297672762416
Apr,31,1,32.847907456007796,74.76210714141831,11.40423239225097,5.562310797818424,15.70431754369923,6.6790964814357565,4.522604445957105,380.4959092770443,12.274061589582073,359.87260698400434,1693.8341760304547
Mar,28,6,26.474695257465207,54.175105167166464,11.61261940341917,7.0912099471460355,19.885103102330568,5.009846157610678,2.2330419862637236,599.7755134209714,21.42055405074898,578.1582304781448,2994.7998947232154
Mar,29,6,43.0,54.45910665563761,16.001865632309393,8.07394263120547,17.137681510388944,6.7616216681776855,5.131718854649853,664.3571119437619,22.90886592909524,632.915120669881,3508.602371570166
Nov,28,5,25.112668878243845,64.17717677540435,5.477999070989036,8.50770014890161,15.636489755590755,11.569335009657433,1.2099678513083523,423.80494056554585,15.13589073448378,376.0635618615118,1715.3886144626902
Dec,29,1,24.341778862583837,66.98335628318544,4.026344239336408,6.263837661600707,21.055942357446032,11.37440904943884,1.6577388495271954,222.40298504467722,7.669068449816456,235.6219673209091,779.9871041628594
Jan,30,3,32.295624220260486,52.11072200883194,3.774338666397192,9.98318274073779,18.92211195629028,6.797971597617325,5.7232054877845915,321.622431536624,10.720747717887466,343.380150123817,1229.9447821504814
Aug,29,6,36.881910655352826,61.1028492390403,18.0,6.632927102207126,17.236397671245644,1.1569623120717676,5.052894990027126,634.8636498628408,21.891849995270373,756.6948660508463,3354.9696322492828
Mar,28,4,30.2906534562445,60.872014709254586,18.0,6.086621802885212,15.70845032820097,11.68005105468866,2.407413480617431,627.4373009467245,22.408475033811587,553.1036353744893,3318.615024337777
Mar,30,1,32.57509089084274,35.41663861275835,7.674782276431195,6.806738679169762,22.094813127719874,6.409170404098996,1.6269597219593797,246.3344724836544,8.211149082788479,257.8227817187012,945.6676814233856
Apr,28,1,21.704036621435804,59.36487212889488,5.947510969345819,10.364648386545735,17.951096362506785,12.756249916061133,1.8314864048729658,291.8967220159595,10.42488292914141,207.77563295015716,1126.9007757583677
Mar,28,2,26.95119804438705,60.1121860058184,8.692947396273444,7.70784780353055,20.79465612493899,6.975561431489001,4.639489685384093,377.55700695546903,13.48417881983818,403.1461590519411,1602.7358622525574
Jun,28,6,25.168729218880948,60.07648468612377,5.099080406641637,6.472070293246501,19.78726708921888,6.048398185320766,4.007572075721394,429.33671023733405,15.333453937047645,330.86589927963666,1809.1613652291385
Dec,28,2,21.472293675234535,78.99097129492722,2.425136906383168,10.037437050986796,16.958196876673533,10.612687629038337,1.5348452607555394,233.9324186065027,8.354729235946525,194.64041761236712,835.430640930898
Aug,29,6,30.52641105310749,47.4104204178935,2.1792709167167534,12.714046787887241,16.974117770020438,19.430796920105475,5.027032428670324,501.8857876796305,17.306406471711394,503.4864483946749,2169.4344421896526
Sep,31,5,20.0,52.104529145544646,18.0,8.461301795479685,20.89262979586784,12.996119964466292,2.3191021262156024,686.1445166979644,22.13369408703111,603.2617758425937,3717.2169436171966
Jun,31,6,24.05011815260648,30.653650420167992,1.2187857659301613,10.714453413903954,20.925034665239956,10.544877196823407,1.2499189124895786,366.5937150347514,11.825603710798433,315.788974462952,1334.1965582327423
Jan,28,5,27.58262792693962,56.22900000591031,7.270757557603495,10.279371491264538,14.24616804775853,11.435406145523872,2.002134320945966,423.0096419229591,15.107487211534252,379.42861547622067,1711.5637469268509
Feb,28,2,26.259213738220158,57.25227735048799,1.3894357604723577,6.667592546351667,19.099560521964385,2.995536554057611,3.156668051484908,206.67558961654078,7.381271057733599,218.01203070219003,598.4912218695085
Apr,29,5,31.783838259931805,55.88027388398893,6.540745431251862,8.058595197047712,17.75757039055276,5.510638516989775,4.897320609180542,442.1788563329233,15.247546770100804,370.8661289652509,1878.5901648836762
Mar,30,2,31.37511086356116,75.29212807380512,5.31668604520213,5.178401814651227,15.933353674122987,1.0,4.666223184754202,305.55792809444824,10.185264269814942,291.18444271662065,1174.320832261873
Nov,30,2,34.02209435670956,72.32741026804356,4.440014052803107,7.5491270140044024,18.523492189434396,16.91949557830649,2.7027086929118336,299.5865257519531,9.986217525065104,272.8558230257682,1180.164721841615
Nov,31,2,33.38572679720705,62.93428069120765,11.274678386784293,6.622381187923407,15.30080641802721,16.109544116622992,3.4572018795754165,358.67612552940693,11.570197597722805,382.5588623865196,1610.391707105082
Nov,29,1,35.133657552126216,57.55264335752165,5.868874985535427,7.1136508942136025,17.0670892907078,11.57127410485964,2.5134546408915357,260.5446021869546,8.984296627136365,278.8426047928897,964.1325803568611
Aug,28,1,29.991367199959257,74.31427601728237,1.4196928718952924,6.350230930963259,16.403052534460066,10.540460412336818,1.5373784745808003,149.28060902225525,5.331450322223402,107.69302668303115,485.6764387786742
Jul,28,2,31.365601053675014,61.762905681969784,10.547687166008092,7.368387021969752,17.000417471688003,3.7936399900096793,2.786394873808556,365.5845691182356,13.0565917542227,400.63105030375317,1534.7987320699135
Aug,28,1,32.30181165863636,52.180759532978506,5.980528691636081,9.170911909782811,17.85704301267602,9.122800158997237,0.42645342815059906,239.78548812836743,8.563767433155979,211.1555161927565,918.3094173438816
May,28,3,30.637455138259615,41.40501587018538,3.5244372257489194,7.73711779703201,15.968866676189027,17.16956751361557,8.027010284822367,385.7325063116014,13.77616093970005,382.1521317173919,1511.2383671746738
Sep,31,1,28.212625605373166,56.70422607325181,9.999422710791123,3.898378964938151,21.146358057746596,10.525663992782857,3.3874767078580126,353.24324815878765,11.39494348899315,295.99730571933884,1552.2616560330441
Oct,29,1,28.504008595471035,71.05572340607131,2.1717717712389826,6.35853475722333,18.98656646678825,7.741414135152414,4.127639215610105,174.6079981697412,6.020965454129007,176.0480773469396,538.1577819100347
Oct,31,6,26.320987207515156,89.31846427451708,1.0817434270292705,4.657321424371845,21.58912605676411,2.9677173599855466,1.599590426098174,348.4940943898846,11.241744980318858,450.14123621270875,1302.1868223010492
Aug,30,1,31.897275734594235,62.73932415427371,14.486232353068734,8.536932497159889,17.67984006184396,15.521222910923221,3.3649837432961647,414.09766382159796,13.803255460719932,404.3794223088043,1837.9363672854722
Jan,30,1,29.5769317166168,52.815733818556346,17.577981347915447,9.107298200919212,16.902420075405782,9.719664795889376,3.812776231406501,433.10740874004824,14.436913624668275,389.89186344781723,2142.815776266135
Sep,29,1,27.015718122134558,47.78041750058944,5.186075271495651,8.564406088079163,21.516831228986057,2.9730645865486833,2.415145486118885,230.84494403608056,7.960170484002778,214.64402413525437,840.4675641991664
May,31,1,27.019898313039334,68.62345875566719,5.133510086745372,6.267710334741348,16.84388052025203,6.302937271713832,2.523893647321512,269.59715785742225,8.69668251152975,207.32725237688385,1019.104036373018
Sep,28,4,24.553205724977452,40.82460737138878,10.393662335225784,8.543078644088675,17.64341595602175,4.889847930567479,0.852813108176856,390.53076239141996,13.947527228264999,448.47194768275097,1586.7484207560537
Jul,28,5,34.4047860355674,68.60414121685866,15.369896474592132,6.965748637308475,19.44009482099463,9.473025897152112,9.862460844549199,661.5100823154372,23.625360082694186,661.9564719567943,3445.1958935644598
Nov,29,5,30.353779512893045,71.81253927515495,2.6491657196870277,5.495904010549444,15.524548383405444,10.829355878451274,1.578505684280106,339.0962355415972,11.692973639365421,279.2943330258351,1307.3168224216572
May,29,4,26.117399911920284,67.23535343879436,4.5387472468945775,9.632245823359646,19.4225893695873,7.987131742885902,1.7677756354472913,356.6873469391315,12.299563687556258,295.29382936984007,1366.3555699199258
Dec,30,1,33.63846487320908,59.36405993673731,9.414816781781234,9.799661058192298,19.166694132329205,13.108186385947526,8.385111105019165,362.5767961213465,12.085893204044883,348.7940589654487,1552.8904702920197
Nov,30,5,27.47798035592532,68.77928784256177,9.986383018366709,10.087570058383713,20.538650636075666,10.315208961889766,4.272995880668088,486.7644759459869,16.225482531532897,526.2699893070701,2254.498820370512
Apr,30,1,23.670747178444955,64.0512604535396,9.269694182930325,6.661633079928596,19.780089006020283,14.24924954108852,4.926747898732169,308.8507592859876,10.29502530953292,250.28379497283808,1324.6979287275224
Jun,29,4,34.5955003014861,52.662513897672895,11.480658453374339,10.594597087924774,20.59995670575514,8.571223687677124,0.795409600627361,504.2911994384021,17.389351704772487,557.1122806827613,2397.0883663623617
Jul,29,3,27.58306354695249,84.20494786850031,12.265181598144302,6.914119047078251,17.77915619898318,22.181302368044584,3.332669391952107,451.75982712875344,15.577925073405291,428.3079075567415,2045.025720399661
Oct,31,6,28.159954094060446,57.779847444673806,5.471863144288051,9.437702907384729,16.27465936258588,7.74204510610417,0.8054813169307625,420.85740361347666,13.576045277854085,353.1281314223868,1736.0796225379597
Sep,28,2,30.1853100915713,71.30902760539891,15.361228162063497,6.875992144113314,22.219970828166723,6.386680032976512,1.374143484491499,503.42329887541337,17.97940353126476,452.6783534586805,2518.7008853748694
Nov,30,4,35.14165150255552,32.97662860765142,7.269642848394255,7.507239239759304,14.946608768956066,5.89479779961697,10.0,443.5227511481857,14.784091704939524,526.5998864972597,1933.0823383262991
May,30,3,30.090167808898403,77.31765059337116,9.433583205335715,2.6734087137437825,15.146973842252384,9.156237093782778,1.146288456858434,370.6227728079454,12.354092426931514,288.91241001050525,1559.7768042558182
Jul,31,4,24.603972932346466,79.62516493585498,4.111065995753698,7.335790928282785,19.130256081017663,3.121855636536865,4.757678071578637,382.0584856476407,12.324467278956151,330.4247773490902,1568.7833920704531
Jun,30,6,32.44744651850481,62.35800544551966,6.957366027628007,8.20039792692706,21.2499720963547,11.178251375311243,1.2540156508979685,502.38774012981565,16.74625800432719,544.5058513926575,2319.5920970705533
Nov,29,5,27.817546240822242,68.7052524168531,5.8843900284223505,7.097890841799555,18.379101691828332,2.378784921740772,1.403529368597611,358.99859403967514,12.379261863437074,354.7406609331673,1451.2873354133121
Apr,29,3,38.4956578718826,68.70218217929076,9.87492808556046,11.863613749787307,19.998607399404413,10.646683696228925,10.0,480.6669810489336,16.574723484445986,411.9982682056541,2215.4072984768372
Aug,29,3,29.994961251009496,54.28659716431131,12.626103113038695,5.442574612284392,14.008394545056083,4.594993023614587,2.713819360748568,440.5826494179535,15.192505152343225,478.218594269593,2041.1558677718938
Feb,29,5,20.0,68.56546766527208,4.271566269666422,6.760121278371363,17.000910075637726,8.47482637047963,0.7343143054993777,411.9936437968246,14.206677372304297,449.731621047037,1668.3559159376555
Nov,28,3,31.608142374700535,52.296434361529336,6.787632415172357,6.009280258031122,14.252104385713482,12.418161596529437,4.905669648031622,347.0810539066621,12.395751925237931,348.15033667332716,1309.2718767339159
May,30,2,38.75069006517103,54.69491691625609,14.74866991929747,6.759690646209963,19.56082191645732,19.216150735505416,6.962882157929229,500.7543426193241,16.691811420644136,440.85833633165015,2469.543204013912
May,28,3,37.091641298454256,75.52331771854759,18.0,10.269108738469551,14.905537346821971,5.687997916875372,5.238511319057231,583.7312708850255,20.847545388750913,525.603544085134,3022.078801498913
Jul,30,1,38.23929429940454,73.69589228840243,14.611198040814532,11.25166994751932,15.444362307934705,9.398730202294432,2.5248670517596907,427.3031397585253,14.243437991950843,426.02460111527836,1972.1863638984778
Jun,31,2,25.411079165783413,53.52349397461049,6.038694668927118,6.458256255978328,19.028050409922805,7.104965300897831,2.5947582549089496,305.87024382674275,9.866782058927186,241.46902603489863,1194.8070982637796
Nov,31,3,34.104685781895505,53.19708387798751,3.7654399803269376,6.409383406008953,20.12364870403546,6.520518709756818,1.8666782943583535,262.49818727225846,8.467683460395435,297.308605951412,899.5452133439908
Jul,28,5,26.751024571184796,54.25284077050793,5.138624369308877,5.454316973093387,17.682063783541565,7.140106680121822,1.0147245658729167,363.92055139351135,12.997162549768262,429.8000631123431,1359.8334640166029
Jul,31,5,31.00930229737616,70.79167479758588,4.092385348354803,10.873827850342467,19.140345008217018,13.296265902547756,3.7584775953691456,421.4706944111745,13.595828851973371,391.6836195611853,1747.384116040296
Feb,28,2,24.271714070671205,50.00018263027523,4.491951664756679,10.466209695215866,19.075576333746184,8.04777654307848,2.423510627459399,304.68379858660245,10.881564235235802,306.60135167132273,1163.450792747279
Jan,29,3,27.099949058027775,66.28055166843143,4.043227983575032,7.766840040024669,17.569146281115056,18.99725079308342,0.8185096855331764,293.63496261657593,10.125343538502618,327.15464611986664,1007.2776499056108
May,28,1,26.95688986186373,70.96216172761153,8.563093126184707,4.928581768124864,15.810589034227503,11.663917023578936,2.768202703581414,290.6621298203151,10.380790350725539,352.9286168105696,1156.4598195850663
Dec,28,5,34.043498760641775,60.9410545964828,7.886378833509838,5.125342355996246,19.129782813769285,5.9599573553036995,1.5872332591722582,406.54245660148837,14.519373450053155,472.56803054912587,1715.691673128876
Dec,28,2,33.60323604751345,74.12076436237913,5.270528702586694,8.375384790846105,19.226191381550166,8.53317927141969,3.6096029111240417,340.48447637930104,12.160159870689323,250.04503173269063,1312.7958806904373
Aug,28,5,31.245688781988694,58.34827796612249,11.563943514227788,9.208543420582298,19.788048806180516,6.7926120398400425,3.341182889788663,534.8478153783495,19.101707692083913,491.5133866544635,2619.148744985247
Aug,31,6,23.923103618750766,59.43373278807303,1.9687616480219088,3.454481428953473,18.624132848157796,13.200274611786856,2.1492347937489233,407.24613137519447,13.136971979844983,417.4637220675883,1598.2172295093508
May,28,5,28.59762254722626,50.27304522641772,5.8358587254817245,7.293118196816658,15.663000173041347,3.4448813737389887,2.874543027109562,403.9444589407195,14.426587819311411,361.8339565655853,1575.0884344514484
Mar,29,2,26.64247582675773,74.20612817144246,5.166767443269123,11.560250957026245,19.38068032273836,4.636194478256759,3.074635529950977,291.66710948685693,10.057486534029549,347.5971001513607,1104.1046140611736
Jan,30,6,33.91354090512521,52.801754636253555,10.162539006502497,7.521479745413372,17.997237839543317,7.633815525003435,5.721964813290358,526.9374108389799,17.564580361299328,617.4751499348722,2494.9234945733288
May,31,5,35.30183183767733,66.1972618125807,16.062586141064337,11.277203799739373,17.034525111353314,12.731787172553302,2.791467661478406,564.0900589441487,18.196453514327377,481.69290599437994,2850.496167344209
Apr,31,4,34.753735137138975,61.144207194488786,18.0,9.427901483702504,17.410728325612574,14.93224109929109,1.9061464560716417,632.342289937672,20.398138385086195,593.698586278661,3326.2568252374
Mar,28,6,26.60151261262341,49.36660324266005,6.035768859196619,5.614584878162213,16.619485643219242,15.522168763091372,2.332824975153814,463.9461742681274,16.56950622386169,400.18046669143797,1976.8513662167463
Apr,31,6,20.0,54.690762274120154,3.3405643937961615,7.356123154625917,19.77768755770886,12.119206079790121,9.35882338419498,494.3174115278638,15.945722952511735,462.00551470396647,2121.6133002587444
Jan,30,1,22.048671458414756,78.59446686848881,3.0800253781423406,7.716872675201653,15.163770532839958,9.66844185456792,1.2976346232988747,150.07181366404777,5.002393788801593,139.6709057194948,511.5598643206843
Aug,28,6,36.397321401369936,64.41989051161377,7.546186408551015,5.904474550194285,16.013028130387163,13.178503249255971,2.4609428425365873,463.3249650944615,16.547320181945054,502.2690634460393,2071.529327209155
Dec,29,5,28.194352773060793,49.8901959035979,7.23031376051594,5.866290349815929,17.34245423065661,5.421997530273158,2.430764971080841,453.0542224937226,15.622559396335262,382.60410682663337,1986.9624544078554
Sep,31,2,26.621739217806994,65.66393944818431,0.675974381733573,11.314890902660833,21.227501696478,2.621371111935094,2.516133215917834,245.95060940384022,7.93389062593033,152.44573422818993,830.6693805477569
Jun,29,2,37.39197132046306,60.24663162086546,7.033485521539899,5.849806636675506,20.108561098185696,11.746550310745956,0.9796308249100414,283.7775299582455,9.785432067525708,213.23310332345133,1108.3041474641257
Jun,28,5,35.69321975469747,95.0,11.220376164410123,10.372559368099097,14.718318393505548,5.9772863314046,2.322227021540634,523.2895536717016,18.6889126311322,432.40503757091807,2516.165621095958
Apr,31,2,30.11001924863904,65.42148609610727,11.132666800062639,7.039734147596964,20.702694177504974,9.738773071338077,1.8232042660720813,387.4250507050978,12.497582280809606,338.9039735520613,1682.4414858953758
Feb,31,3,28.67968609021212,57.432501835203624,11.100199143719202,7.94359347425702,20.69884043396737,10.478508063491258,3.597015610784372,442.85029299783633,14.285493322510849,435.9120122379613,1996.7902512367582
Aug,31,5,29.405544542340937,79.04033501344526,6.247299518712548,9.23605772012486,15.651983347954713,10.992478236713186,6.3160757342731335,510.70972486638294,16.47450725375429,418.5913735790723,2385.802827933631
Jul,31,4,31.0222325927436,39.90756599248586,10.820182397144928,6.683170919609707,12.957083458807109,13.751166154100208,3.8126833993014966,460.2758547448786,14.84760821757673,369.39757383777425,2033.5117498627665
Jan,31,6,37.20021276593823,63.13184187657317,17.536370145481243,9.249389489687973,17.855556755305514,13.328300753166925,3.164335765558709,717.7660595350619,23.15374385596974,602.3290617869442,3838.2625042730674
May,29,1,31.90110340906752,85.93314193617287,5.551893106147373,3.497854660993559,20.244848818599642,10.780000268670761,4.099097362557057,262.8478945660619,9.063720502277995,214.21182909844273,1004.357626493628
Apr,28,2,33.26713064867614,60.60560858768295,13.940126108576074,8.9673562545122,21.182523939600404,8.231938878122378,3.394565567137743,452.53029918998396,16.161796399642284,401.8088086217238,2100.925327530367
Mar,30,6,35.261715490815774,41.200387464223056,4.988820477705365,2.5692337259424,16.2583454712775,10.431048354705284,2.8560346909205006,463.65982399258024,15.455327466419341,409.111469081897,1937.4941303623423
Sep,28,4,24.736457995390115,57.24898442707283,1.810069117809453,7.500937201263393,21.50395820932593,7.6151583333003146,5.568218388784328,342.73480349137174,12.24052869612042,359.72669921050505,1218.0946483451492
Jul,29,2,33.39687851613319,79.45421649150845,6.800639882440181,9.879334567700681,13.544135208366598,9.214284311975316,2.2699595457090824,300.01241097459786,10.345255550848202,249.4186719847706,1151.4753747804261
Aug,30,2,28.67444060402275,66.51283515584926,1.138336298270985,9.369049673328426,17.263898772341424,20.472693694321656,0.966137459430233,248.12327750217798,8.270775916739266,226.66370023425242,855.7755037426906
Sep,31,3,20.0,51.93372668584979,8.66121882272032,5.143496946283729,17.165578661568507,10.728758803534163,1.7705134218160505,399.9120433797732,12.900388496121716,355.58061427478367,1723.844703195519
Dec,29,4,20.423237061063844,53.77708631385171,3.7355830254787636,5.426738328594263,20.304674049848607,11.800980068150194,1.5719258600823731,359.14016329643874,12.384143561946164,382.539957474263,1430.858336111474
Oct,29,2,25.418470748165916,55.28359674620224,5.208618117279462,6.484921511290203,20.59660493187956,7.178077403878552,10.0,254.12853129514986,8.76305280328103,238.86651048626828,888.9313705551675
Aug,30,4,32.39050452866662,66.33437460864795,7.02960949799846,8.409674897187896,19.90844731086679,14.080293665719472,6.579083649142615,461.718671010451,15.390622367015032,506.3163424892114,1976.6889316799006
